-- MySQL dump 10.13  Distrib 5.5.40, for debian-linux-gnu (x86_64)
--
-- Host: localhost    Database: bitcoin_analytics
-- ------------------------------------------------------
-- Server version	5.5.40-0ubuntu1

/*!40101 SET @OLD_CHARACTER_SET_CLIENT=@@CHARACTER_SET_CLIENT */;
/*!40101 SET @OLD_CHARACTER_SET_RESULTS=@@CHARACTER_SET_RESULTS */;
/*!40101 SET @OLD_COLLATION_CONNECTION=@@COLLATION_CONNECTION */;
/*!40101 SET NAMES utf8 */;
/*!40103 SET @OLD_TIME_ZONE=@@TIME_ZONE */;
/*!40103 SET TIME_ZONE='+00:00' */;
/*!40014 SET @OLD_UNIQUE_CHECKS=@@UNIQUE_CHECKS, UNIQUE_CHECKS=0 */;
/*!40014 SET @OLD_FOREIGN_KEY_CHECKS=@@FOREIGN_KEY_CHECKS, FOREIGN_KEY_CHECKS=0 */;
/*!40101 SET @OLD_SQL_MODE=@@SQL_MODE, SQL_MODE='NO_AUTO_VALUE_ON_ZERO' */;
/*!40111 SET @OLD_SQL_NOTES=@@SQL_NOTES, SQL_NOTES=0 */;

--
-- Temporary table structure for view `BTC_USD`
--

DROP TABLE IF EXISTS `BTC_USD`;
/*!50001 DROP VIEW IF EXISTS `BTC_USD`*/;
SET @saved_cs_client     = @@character_set_client;
SET character_set_client = utf8;
/*!50001 CREATE TABLE `BTC_USD` (
  `exchange` tinyint NOT NULL,
  `type_type` tinyint NOT NULL,
  `address` tinyint NOT NULL,
  `type_market` tinyint NOT NULL
) ENGINE=MyISAM */;
SET character_set_client = @saved_cs_client;

--
-- Table structure for table `api`
--

DROP TABLE IF EXISTS `api`;
/*!40101 SET @saved_cs_client     = @@character_set_client */;
/*!40101 SET character_set_client = utf8 */;
CREATE TABLE `api` (
  `exchange` varchar(20) NOT NULL,
  `type_type` varchar(20) NOT NULL,
  `address` varchar(255) NOT NULL,
  `type_market` varchar(20) NOT NULL,
  PRIMARY KEY (`exchange`,`type_type`,`type_market`),
  KEY `fk_api_api_type` (`type_type`,`type_market`) USING BTREE,
  KEY `fk_api_type` (`type_market`,`type_type`) USING BTREE,
  CONSTRAINT `fk_api_type` FOREIGN KEY (`type_market`, `type_type`) REFERENCES `feeapi_type` (`market`, `type`) ON DELETE CASCADE ON UPDATE CASCADE,
  CONSTRAINT `fk_api_exchange` FOREIGN KEY (`exchange`) REFERENCES `exchange` (`code`)
) ENGINE=InnoDB DEFAULT CHARSET=latin1;
/*!40101 SET character_set_client = @saved_cs_client */;

--
-- Dumping data for table `api`
--

LOCK TABLES `api` WRITE;
/*!40000 ALTER TABLE `api` DISABLE KEYS */;
INSERT INTO `api` VALUES ('ALLCOIN','ORDERBOOK','https://www.allcoin.com/api2/depth/DOGE_BTC','BTC_DOGE'),('ALLCOIN','ORDERBOOK','https://www.allcoin.com/api2/depth/LTC_BTC','BTC_LTC'),('ALLCOIN','ORDERBOOK','https://www.allcoin.com/api2/depth/XRP_BTC','BTC_XRP'),('ALLCOIN','PAIRS','https://www.allcoin.com/api2/pairs','NONE'),('ANXPRO','ORDERBOOK','https://anxpro.com/api/2/BTCCNY/money/depth/full','BTC_CNY'),('ANXPRO','ORDERBOOK','https://anxpro.com/api/2/DOGEBTC/money/depth/full','BTC_DOGE'),('ANXPRO','ORDERBOOK','https://anxpro.com/api/2/BTCEUR/money/depth/full','BTC_EUR'),('ANXPRO','ORDERBOOK','https://anxpro.com/api/2/LTCBTC/money/depth/full','BTC_LTC'),('ANXPRO','ORDERBOOK','https://anxpro.com/api/2/BTCUSD/money/depth/full','BTC_USD'),('BITFINEX','ORDERBOOK','https://api.bitfinex.com/v1/book/ltcbtc','BTC_LTC'),('BITFINEX','ORDERBOOK','https://api.bitfinex.com/v1/book/btcusd','BTC_USD'),('BITFINEX','ORDERBOOK','https://api.bitfinex.com/v1/book/ltcusd','LTC_USD'),('BITKONAN','ORDERBOOK','https://bitkonan.com/api/btc_orderbook','BTC_USD'),('BITKONAN','ORDERBOOK','https://bitkonan.com/api/ltc_orderbook','LTC_USD'),('BITSTAMP','ORDERBOOK','https://www.bitstamp.net/api/order_book/','BTC_USD'),('BITTREX','ORDERBOOK','https://bittrex.com/api/v1.1/public/getorderbook?market=BTC-DOGE&type=both&depth=50','BTC_DOGE'),('BITTREX','ORDERBOOK','https://bittrex.com/api/v1.1/public/getorderbook?market=BTC-LTC&type=both&depth=50','BTC_LTC'),('BITTREX','PAIRS','https://bittrex.com/api/v1.1/public/getmarkets','NONE'),('BITYES','ORDERBOOK','https://market.bityes.com/usd_btc/depth.js','BTC_USD'),('BITYES','ORDERBOOK','https://market.bityes.com/usd_ltc/depth.js','LTC_USD'),('BITYES','TICKER','https://market.bityes.com/usd_btc/ticker.js','BTC_USD'),('BITYES','TICKER','https://market.bityes.com/usd_ltc/ticker.js','LTC_USD'),('BTC38','ORDERBOOK','http://api.btc38.com/v1/depth.php?c=btc&mk_type=cny','BTC_CNY'),('BTC38','ORDERBOOK','http://api.btc38.com/v1/depth.php?c=dog&mk_type=btc','BTC_DOGE'),('BTC38','ORDERBOOK','http://api.btc38.com/v1/depth.php?c=ltc&mk_type=btc','BTC_LTC'),('BTC38','ORDERBOOK','http://api.btc38.com/v1/depth.php?c=dog&mk_type=cny','DOGE_CNY'),('BTC38','ORDERBOOK','http://api.btc38.com/v1/depth.php?c=ltc&mk_type=cny','LTC_CNY'),('BTC38','PAIRS','http://api.btc38.com/v1/ticker.php?c=all&mk_type=btc','BTC_XXX'),('BTC38','PAIRS','http://api.btc38.com/v1/ticker.php?c=all&mk_type=cny','CNY_XXX'),('BTCC','ORDERBOOK','https://data.btcchina.com/data/orderbook?market=btccny&limit=50','BTC_CNY'),('BTCC','ORDERBOOK','https://data.btcchina.com/data/orderbook?market=ltcbtc&limit=50','BTC_LTC'),('BTCC','ORDERBOOK','https://data.btcchina.com/data/orderbook?market=ltccny&limit=50','LTC_CNY'),('BTCE','ORDERBOOK','https://btc-e.com/api/3/depth/btc_eur','BTC_EUR'),('BTCE','ORDERBOOK','https://btc-e.com/api/3/depth/ltc_btc','BTC_LTC'),('BTCE','ORDERBOOK','https://btc-e.com/api/3/depth/btc_rur','BTC_RUB'),('BTCE','ORDERBOOK','https://btc-e.com/api/3/depth/btc_usd','BTC_USD'),('BTCE','ORDERBOOK','https://btc-e.com/api/3/depth/ltc_eur','LTC_EUR'),('BTCE','ORDERBOOK','https://btc-e.com/api/3/depth/ltc_rur','LTC_RUB'),('BTCE','ORDERBOOK','https://btc-e.com/api/3/depth/ltc_usd','LTC_USD'),('BTCE','PAIRS','https://btc-e.com/api/3/info','NONE'),('BTER','ORDERBOOK','http://data.bter.com/api/1/depth/btc_cny','BTC_CNY'),('BTER','ORDERBOOK','http://data.bter.com/api/1/depth/doge_btc','BTC_DOGE'),('BTER','ORDERBOOK','http://data.bter.com/api/1/depth/ltc_btc','BTC_LTC'),('BTER','ORDERBOOK','http://data.bter.com/api/1/depth/btc_usd','BTC_USD'),('BTER','ORDERBOOK','http://data.bter.com/api/1/depth/doge_cny','DOGE_CNY'),('BTER','ORDERBOOK','http://data.bter.com/api/1/depth/doge_usd','DOGE_USD'),('BTER','ORDERBOOK','http://data.bter.com/api/1/depth/ltc_cny','LTC_CNY'),('BTER','ORDERBOOK','http://data.bter.com/api/1/depth/ltc_usd','LTC_USD'),('BTER','PAIRS','http://data.bter.com/api/1/pairs','NONE'),('CAMPBX','ORDERBOOK','http://campbx.com/api/xdepth.php','BTC_USD'),('CCEX','PAIRS','https://c-cex.com/t/pairs.json','NONE'),('CCEX','TICKER','https://c-cex.com/t/doge-btc.json','BTC_DOGE'),('CCEX','TICKER','https://c-cex.com/t/ltc-btc.json','BTC_LTC'),('CCEX','TICKER','https://c-cex.com/t/btc-usd.json','BTC_USD'),('CCEX','TICKER','https://c-cex.com/t/doge-usd.json','DOGE_USD'),('CCEX','TICKER','https://c-cex.com/t/ltc-usd.json','LTC_USD'),('COINSE','ORDERBOOK','https://www.coins-e.com/api/v2/market/DOGE_BTC/depth/','BTC_DOGE'),('COINSE','ORDERBOOK','https://www.coins-e.com/api/v2/market/LTC_BTC/depth/','BTC_LTC'),('COINSE','PAIRS','https://www.coins-e.com/api/v2/markets/list/','NONE'),('COINSWAP','ORDERBOOK','https://api.coin-swap.net/market/orders/DOGE/BTC/BUY','BTC_DOGE'),('COINSWAP','ORDERBOOK','https://api.coin-swap.net/market/orders/LTC/BTC/BUY','BTC_LTC'),('COINSWAP','ORDERBOOK_BUY','https://api.coin-swap.net/market/orders/DOGE/BTC/BUY','BTC_DOGE'),('COINSWAP','ORDERBOOK_BUY','https://api.coin-swap.net/market/orders/LTC/BTC/BUY','BTC_LTC'),('COINSWAP','ORDERBOOK_SELL','https://api.coin-swap.net/market/orders/DOGE/BTC/SELL','BTC_DOGE'),('COINSWAP','ORDERBOOK_SELL','https://api.coin-swap.net/market/orders/LTC/BTC/SELL','BTC_LTC'),('COINSWAP','PAIRS','https://api.coin-swap.net/market/summary','NONE'),('CRYPTOTRADE','ORDERBOOK','https://crypto-trade.com/api/1/depth/doge_btc','BTC_DOGE'),('CRYPTOTRADE','ORDERBOOK','https://crypto-trade.com/api/1/depth/btc_eur','BTC_EUR'),('CRYPTOTRADE','ORDERBOOK','https://crypto-trade.com/api/1/depth/ltc_btc','BTC_LTC'),('CRYPTOTRADE','ORDERBOOK','https://crypto-trade.com/api/1/depth/btc_usd','BTC_USD'),('CRYPTOTRADE','ORDERBOOK','https://crypto-trade.com/api/1/depth/doge_eur','DOGE_EUR'),('CRYPTOTRADE','ORDERBOOK','https://crypto-trade.com/api/1/depth/doge_usd','DOGE_USD'),('CRYPTOTRADE','ORDERBOOK','https://crypto-trade.com/api/1/depth/ltc_eur','LTC_EUR'),('CRYPTOTRADE','ORDERBOOK','https://crypto-trade.com/api/1/depth/ltc_usd','LTC_USD'),('CRYPTOTRADE','PAIRS','https://crypto-trade.com/api/1/getpairs','NONE'),('CRYPTSY','ORDERBOOK','http://pubapi2.cryptsy.com/api.php?method=singleorderdata&marketid=132','BTC_DOGE'),('CRYPTSY','ORDERBOOK','http://pubapi2.cryptsy.com/api.php?method=singleorderdata&marketid=3','BTC_LTC'),('CRYPTSY','ORDERBOOK','http://pubapi2.cryptsy.com/api.php?method=singleorderdata&marketid=2','BTC_USD'),('CRYPTSY','ORDERBOOK','http://pubapi2.cryptsy.com/api.php?method=singleorderdata&marketid=454','BTC_XRP'),('CRYPTSY','ORDERBOOK','http://pubapi2.cryptsy.com/api.php?method=singleorderdata&marketid=182','DOGE_USD'),('CRYPTSY','ORDERBOOK','http://pubapi2.cryptsy.com/api.php?method=singleorderdata&marketid=135','LTC_DOGE'),('CRYPTSY','ORDERBOOK','http://pubapi2.cryptsy.com/api.php?method=singleorderdata&marketid=1','LTC_USD'),('CRYPTSY','ORDERBOOK','http://pubapi2.cryptsy.com/api.php?method=singleorderdata&marketid=442','XRP_USD'),('EXMO','ORDERBOOK','https://api.exmo.com/api_v2/orders_book?pair=DOGE_BTC','BTC_DOGE'),('EXMO','ORDERBOOK','https://api.exmo.com/api_v2/orders_book?pair=BTC_EUR','BTC_EUR'),('EXMO','ORDERBOOK','https://api.exmo.com/api_v2/orders_book?pair=LTC_BTC','BTC_LTC'),('EXMO','ORDERBOOK','https://api.exmo.com/api_v2/orders_book?pair=BTC_RUR','BTC_RUB'),('EXMO','ORDERBOOK','https://api.exmo.com/api_v2/orders_book?pair=BTC_USD','BTC_USD'),('EXMO','ORDERBOOK','https://api.exmo.com/api_v2/orders_book?pair=DOGE_EUR','DOGE_EUR'),('EXMO','ORDERBOOK','https://api.exmo.com/api_v2/orders_book?pair=DOGE_USD','DOGE_USD'),('EXMO','ORDERBOOK','https://api.exmo.com/api_v2/orders_book?pair=LTC_RUR','LTC_RUB'),('EXMO','ORDERBOOK','https://api.exmo.com/api_v2/orders_book?pair=LTC_USD','LTC_USD'),('EXMO','ORDERBOOK','https://api.exmo.com/api_v2/orders_book?pair=DOGE_RUR','RUB_DOGE'),('EXMO','PAIRS','https://api.exmo.com/api_v2/pairs','NONE'),('HITBTC','ORDERBOOK','https://api.hitbtc.com/api/1/public/BTCEUR/orderbook','BTC_EUR'),('HITBTC','ORDERBOOK','https://api.hitbtc.com/api/1/public/LTCBTC/orderbook','BTC_LTC'),('HITBTC','ORDERBOOK','https://api.hitbtc.com/api/1/public/BTCUSD/orderbook','BTC_USD'),('HITBTC','ORDERBOOK','https://api.hitbtc.com/api/1/public/LTCEUR/orderbook','LTC_EUR'),('HITBTC','ORDERBOOK','https://api.hitbtc.com/api/1/public/LTCUSD/orderbook','LTC_USD'),('HITBTC','PAIRS','https://api.hitbtc.com/api/1/public/symbols','NONE'),('HUOBI','ORDERBOOK','http://market.huobi.com/staticmarket/depth_btc_json.js','BTC_CNY'),('HUOBI','ORDERBOOK','http://market.huobi.com/staticmarket/depth_ltc_json.js','LTC_CNY'),('INDACOIN','ORDERBOOK','https://indacoin.com/api/orderbook?pair=btc_usd','BTC_USD'),('INDACOIN','ORDERBOOK','https://indacoin.com/api/orderbook?pair=ltc_usd','LTC_USD'),('KRAKEN','ORDERBOOK','https://api.kraken.com/0/public/Depth?pair=XXBTXXDG','BTC_DOGE'),('KRAKEN','ORDERBOOK','https://api.kraken.com/0/public/Depth?pair=XXBTZEUR','BTC_EUR'),('KRAKEN','ORDERBOOK','https://api.kraken.com/0/public/Depth?pair=XXBTXLTC','BTC_LTC'),('KRAKEN','ORDERBOOK','https://api.kraken.com/0/public/Depth?pair=XXBTZUSD','BTC_USD'),('KRAKEN','ORDERBOOK','https://api.kraken.com/0/public/Depth?pair=XXBTXXRP','BTC_XRP'),('KRAKEN','ORDERBOOK','https://api.kraken.com/0/public/Depth?pair=XLTCZEUR','LTC_EUR'),('KRAKEN','ORDERBOOK','https://api.kraken.com/0/public/Depth?pair=XLTCZUSD','LTC_USD'),('KRAKEN','PAIRS','https://api.kraken.com/0/public/AssetPairs','NONE'),('LAKEBTC','ORDERBOOK','https://www.lakebtc.com/api_v1/bcorderbook_cny','BTC_CNY'),('LAKEBTC','ORDERBOOK','https://www.lakebtc.com/api_v1/bcorderbook','BTC_USD'),('MCXNOW','ORDERBOOK','https://mcxnow.com/orders?cur=DOGE','BTC_DOGE'),('MCXNOW','ORDERBOOK','https://mcxnow.com/orders?cur=LTC','BTC_LTC'),('MCXNOW','PAIRS','https://mcxnow.com/current','NONE'),('OKCOIN','ORDERBOOK','https://www.okcoin.com/api/depth.do?symbol=btc_usd&ok=1','BTC_USD'),('OKCOIN','ORDERBOOK','https://www.okcoin.com/api/depth.do?symbol=ltc_usd&ok=1','LTC_USD'),('PAYMIUM','ORDERBOOK','https://paymium.com/api/v1/data/eur/depth','BTC_EUR'),('POLONIEX','ORDERBOOK','https://poloniex.com/public?command=returnOrderBook&currencyPair=BTC_DOGE&depth=50','BTC_DOGE'),('POLONIEX','ORDERBOOK','https://poloniex.com/public?command=returnOrderBook&currencyPair=BTC_LTC&depth=50','BTC_LTC'),('POLONIEX','ORDERBOOK','https://poloniex.com/public?command=returnOrderBook&currencyPair=BTC_XRP&depth=50','BTC_XRP'),('POLONIEX','PAIRS','https://poloniex.com/public?command=returnTicker','NONE'),('TROCKT','ORDERBOOK','https://www.therocktrading.com/api/orderbook/BTCEUR','BTC_EUR'),('TROCKT','ORDERBOOK','https://www.therocktrading.com/api/orderbook/LTCBTC','BTC_LTC'),('TROCKT','ORDERBOOK','https://www.therocktrading.com/api/orderbook/BTCUSD','BTC_USD'),('TROCKT','ORDERBOOK','https://www.therocktrading.com/api/orderbook/BTCXRP','BTC_XRP'),('TROCKT','ORDERBOOK','https://www.therocktrading.com/api/orderbook/EURDOG','DOGE_EUR'),('TROCKT','ORDERBOOK','https://www.therocktrading.com/api/orderbook/EURXRP','EUR_XRP'),('TROCKT','ORDERBOOK','https://www.therocktrading.com/api/orderbook/LTCEUR','LTC_EUR'),('TROCKT','ORDERBOOK','https://www.therocktrading.com/api/orderbook/LTCUSD','LTC_USD'),('TROCKT','ORDERBOOK','https://www.therocktrading.com/api/orderbook/USDXRP','XRP_USD'),('VIRCUREX','ORDERBOOK','https://api.vircurex.com/api/orderbook.json?base=BTC&alt=DOGE','BTC_DOGE'),('VIRCUREX','ORDERBOOK','https://api.vircurex.com/api/orderbook.json?base=BTC&alt=LTC','BTC_LTC'),('VIRCUREX','PAIRS','https://api.vircurex.com/api/get_info_for_currency.xml','NONE'),('VIRTEX','ORDERBOOK','https://api.virtex.com/v1/market/order-book?market=BTC-EUR&limit=0&group=0','BTC_EUR'),('VIRTEX','ORDERBOOK','https://api.virtex.com/v1/market/order-book?market=BTC-USD&limit=0&group=0','BTC_USD'),('VIRTEX','ORDERBOOK','https://api.virtex.com/v1/market/order-book?market=LTC-EUR&limit=0&group=0','LTC_EUR'),('VIRTEX','ORDERBOOK','https://api.virtex.com/v1/market/order-book?market=LTC-USD&limit=0&group=0','LTC_USD'),('VIRTEX','TICKER','https://api.virtex.com/v1/market/ticker?market=BTC-EUR','BTC_EUR'),('VIRTEX','TICKER','https://api.virtex.com/v1/market/ticker?market=BTC-USD','BTC_USD'),('VIRTEX','TICKER','https://api.virtex.com/v1/market/ticker?market=LTC-EUR','LTC_EUR'),('VIRTEX','TICKER','https://api.virtex.com/v1/market/ticker?market=LTC-USD','LTC_USD');
/*!40000 ALTER TABLE `api` ENABLE KEYS */;
UNLOCK TABLES;

--
-- Table structure for table `app_user`
--

DROP TABLE IF EXISTS `app_user`;
/*!40101 SET @saved_cs_client     = @@character_set_client */;
/*!40101 SET character_set_client = utf8 */;
CREATE TABLE `app_user` (
  `id` bigint(20) NOT NULL AUTO_INCREMENT,
  `account_expired` bit(1) NOT NULL,
  `account_locked` bit(1) NOT NULL,
  `address` varchar(150) DEFAULT NULL,
  `city` varchar(50) DEFAULT NULL,
  `country` varchar(100) DEFAULT NULL,
  `postal_code` varchar(15) DEFAULT NULL,
  `province` varchar(100) DEFAULT NULL,
  `credentials_expired` bit(1) NOT NULL,
  `email` varchar(255) NOT NULL,
  `account_enabled` bit(1) DEFAULT NULL,
  `first_name` varchar(50) DEFAULT NULL,
  `last_name` varchar(50) DEFAULT NULL,
  `password` varchar(255) NOT NULL,
  `password_hint` varchar(255) DEFAULT NULL,
  `phone_number` varchar(255) DEFAULT NULL,
  `username` varchar(50) NOT NULL,
  `version` int(11) DEFAULT NULL,
  `website` varchar(255) DEFAULT NULL,
  PRIMARY KEY (`id`),
  UNIQUE KEY `email` (`email`),
  UNIQUE KEY `username` (`username`)
) ENGINE=InnoDB AUTO_INCREMENT=13 DEFAULT CHARSET=latin1;
/*!40101 SET character_set_client = @saved_cs_client */;

--
-- Dumping data for table `app_user`
--

LOCK TABLES `app_user` WRITE;
/*!40000 ALTER TABLE `app_user` DISABLE KEYS */;
INSERT INTO `app_user` VALUES (-3,'\0','\0','','Denver','US','80210','CO','\0','two_roles_user@appfuse.org','','Two Roles','User','$2a$10$bH/ssqW8OhkTlIso9/yakubYODUOmh.6m5HEJvcBq3t3VdBh7ebqO','Not a female kitty.','','two_roles_user',1,'http://raibledesigns.com'),(-2,'\0','\0','','Denver','US','80210','CO','\0','gsit80@gmail.com','','Giovanni','Silvestri','$2a$10$bH/ssqW8OhkTlIso9/yakubYODUOmh.6m5HEJvcBq3t3VdBh7ebqO','Not a female kitty.','3402128138','admin',4,'http://www.gconsulting.com'),(-1,'\0','\0','','Denver','US','80210','CO','\0','matt_raible@yahoo.com','','Tomcat','User','$2a$10$CnQVJ9bsWBjMpeSKrrdDEeuIptZxXrwtI6CZ/OgtNxhIgpKxXeT9y','A male kitty.','','user',1,'http://tomcat.apache.org'),(3,'\0','\0',NULL,NULL,NULL,NULL,NULL,'\0','chiappucci@alice.it','',NULL,NULL,'$2a$10$BL/n9cfFdS.mEURezJwwT.TmRy0Cq2NxZbIZ.zs4QS0vlHJvncE/i',NULL,NULL,'zackkoaa',0,NULL),(8,'\0','\0',NULL,NULL,NULL,NULL,NULL,'\0','zackko@live.com','',NULL,NULL,'$2a$10$QeeQ.sbgGLGgDJR4S6Z1eOzisXr0laiqy315PMZkqQQWC92v6NYWa',NULL,NULL,'zackkobb',0,NULL),(10,'\0','\0',NULL,NULL,NULL,NULL,NULL,'\0','pippo@alice.it','',NULL,NULL,'$2a$10$pJr7pEiiMnuIUz0DxCyotugp4f9V4qVqfgG0BPFgnhLyqTkNRvRuq',NULL,NULL,'zackkocc',0,NULL);
/*!40000 ALTER TABLE `app_user` ENABLE KEYS */;
UNLOCK TABLES;

--
-- Table structure for table `exchange`
--

DROP TABLE IF EXISTS `exchange`;
/*!40101 SET @saved_cs_client     = @@character_set_client */;
/*!40101 SET character_set_client = utf8 */;
CREATE TABLE `exchange` (
  `code` varchar(20) NOT NULL,
  `name` varchar(45) DEFAULT NULL,
  `description` varchar(255) NOT NULL,
  `website_address` varchar(255) DEFAULT NULL,
  `api_address` varchar(255) DEFAULT NULL,
  `interface` bit(1) DEFAULT b'0',
  `fee_address` varchar(255) DEFAULT NULL,
  PRIMARY KEY (`code`)
) ENGINE=InnoDB DEFAULT CHARSET=latin1;
/*!40101 SET character_set_client = @saved_cs_client */;

--
-- Dumping data for table `exchange`
--

LOCK TABLES `exchange` WRITE;
/*!40000 ALTER TABLE `exchange` DISABLE KEYS */;
INSERT INTO `exchange` VALUES ('ALLCOIN','AllCoin','Only crypto exchange.','http://www.allcoin.com/','https://www.allcoin.com/pub/api','\0','https://www.allcoin.com/pub/fee'),('ANXPRO','ANXBTC','HK based crypto and FIAT exchange.','https://anxbtc.com/','https://anxbtc.com/info/api','','https://anxpro.com/pages/#/fees'),('BITFINEX','Bitfinex','HK based crypto and FIAT exchange.','https://www.bitfinex.com/','https://www.bitfinex.com/pages/api','','https://www.bitfinex.com/pages/fees'),('BITKONAN','Bitkonan','Croatia based crypto and FIAT exchange.','https://bitkonan.com/','https://bitkonan.com/info/api','','None'),('BITSTAMP','Bitstamp','UK based crypto exchange.','https://www.bitstamp.net/','https://www.bitstamp.net/api/','','https://www.bitstamp.net/fee_schedule/'),('BITTREX','Bittrex','US based crypto exchange.','https://bittrex.com/','https://bittrex.com/Home/Api','\0','https://bittrex.com/Home/Fees'),('BITYES','BitYes','FIAT and crypto exchange.','https://www.bityes.com','https://www.bityes.com/help/api_detail','','https://www.bityes.com/help/rates'),('BTC38','BTC38','China based crypto and FIAT exchange.','http://www.btc38.com/','http://www.btc38.com/general/789.html','\0','None'),('BTCC','BTCChina','FIAT and crypto exchange.','https://vip.btcchina.com/','http://btcchina.org/api-documentation','\0','https://vip.btcchina.com/page/fee'),('BTCDE','Bitcoin.de','FIAT and crypto exchange.','https://www.bitcoin.de/en','https://www.bitcoin.de/en/api/price-widget','\0','None'),('BTCE','BTC-E','Russia based cypto and FIAT exchange.','https://btc-e.com/','https://btc-e.com/api/3/docs','','None'),('BTER','Bter','BVI based crypto and FIAT exchange.','https://bter.com','https://bter.com/api','','https://bter.com/fee'),('CAMPBX','CampBX','FIAT and crypto exchange.','https://campbx.com/','https://campbx.com/api.php','','https://campbx.com/faq.php#trading'),('CCEX','C-CEX','FIAT and crypto exchange.','https://c-cex.com/','https://c-cex.com/?id=api','\0','https://c-cex.com/?id=terms'),('COINFLOOR','Coinfloor','FIAT and crypto exchange.','https://coinfloor.co.uk/','https://coinfloor.co.uk/api','\0','https://coinfloor.co.uk/fees'),('COINSE','Coins-E','Only crypto exchange.','https://www.coins-e.com/','https://www.coins-e.com/exchange/api/documentation/','\0','None'),('COINSWAP','Coin-Swap','Only crypto exchange.','https://coin-swap.net/','https://coin-swap.net/api','\0','https://coin-swap.net/fees'),('CRYPTOTRADE','Crypto-Trade','FIAT and crypto exchange.','https://crypto-trade.com/','https://crypto-trade.com/api/v1/documentation','','https://crypto-trade.com/fees'),('CRYPTSY','Cryptsy','FIAT and crypto exchange.','https://www.cryptsy.com','https://www.cryptsy.com/pages/api','','None'),('EXMO','Exmo','FIAT and crypto exchange.','https://exmo.com/','https://exmo.com/api_doc','','https://exmo.com/docs/fees'),('HITBTC','HitBTC','FIAT and crypto exchange.','https://hitbtc.com','http://hitbtc-com.github.io/hitbtc-api/','','https://hitbtc.com/fees-and-limits'),('HUOBI','Huobi','FIAT and crypto exchange.','https://www.huobi.com/?lang=en/','https://www.huobi.com/help/index.php?a=api_help_v2','\0','None'),('INDACOIN','Indacoin','FIAT and crypto exchange.','https://indacoin.com/','https://indacoin.com/api','','https://indacoin.com/help'),('ITBIT','itBit','FIAT and crypto exchange.','https://www.itbit.com/','N/A','\0','https://www.itbit.com/p/fees'),('JUSTCOIN','JustCoin','FIAT and crypto exchange.','https://justcoin.com/','http://wiki.justcoin.com/API','\0','None'),('KRAKEN','Kraken','FIAT and crypto exchange.','https://www.kraken.com/','https://www.kraken.com/help/api','','https://www.kraken.com/help/fees-and-pair-info'),('LAKEBTC','LakeBTC','FIAT and crypto exchange.','https://www.lakebtc.com/','https://www.lakebtc.com/s/api?locale=en','','https://www.lakebtc.com/s/fees?locale=en'),('MCXNOW','Mcxnow','Only crypto exchange.','https://mcxnow.com/','https://mcxnow.com/api.html','\0','https://mcxnow.com/features.html#0.1_mcxfee'),('MINTPAL','MintPal','Only crypto exchange.','https://www.mintpal.com/','https://www.mintpal.com/api/v2','\0','None'),('OKCOIN','OKCoin','FIAT and crypto exchange.','https://www.okcoin.com/','https://www.okcoin.com/about/publicApi.do','','https://www.okcoin.com/about/vip.do'),('PAYMIUM','Paymium','FIAT and crypto exchange.','https://paymium.com/','https://paymium.com/page/developers','\0','https://paymium.com/page/help/fees'),('POLONIEX','Poloniex','Only crypto exchange.','https://poloniex.com/','https://www.poloniex.com/api','\0','https://poloniex.com/faq'),('SNAPSWAP','SnapSwap','FIAT and crypto exchange.','https://snapswap.eu','N/A','\0','https://snapswap.eu/#/fees'),('TROCKT','The Rock Trading','FIAT and crypto exchange.','https://www.therocktrading.com/','https://www.therocktrading.com/en/pages/api','','https://www.therocktrading.com/en/pages/fees'),('VIRCUREX','Vircurex','Only crypto exchange.','https://vircurex.com/','https://vircurex.com/welcome/api?locale=en','\0','https://vircurex.com/welcome/help?locale=en'),('VIRTEX','Virtex','FIAT and crypto exchange.','https://virtex.com/','https://api.virtex.com/','','https://virtex.com/faq/fees'),('ZYADO','Zyado','FIAT and crypto exchange.','https://www.zyado.com/','N/A','\0','None');
/*!40000 ALTER TABLE `exchange` ENABLE KEYS */;
UNLOCK TABLES;

--
-- Table structure for table `fee`
--

DROP TABLE IF EXISTS `fee`;
/*!40101 SET @saved_cs_client     = @@character_set_client */;
/*!40101 SET character_set_client = utf8 */;
CREATE TABLE `fee` (
  `type_type` varchar(20) NOT NULL,
  `value` varchar(20) NOT NULL,
  `unit` varchar(20) NOT NULL,
  `exchange` varchar(20) NOT NULL,
  `type_market` varchar(20) NOT NULL,
  `note` varchar(255) DEFAULT NULL,
  PRIMARY KEY (`exchange`,`type_type`,`type_market`),
  KEY `fk_fee_fee_type` (`type_type`,`type_market`) USING BTREE,
  KEY `fk_fee_type` (`type_market`,`type_type`) USING BTREE,
  CONSTRAINT `fk_fee_type` FOREIGN KEY (`type_market`, `type_type`) REFERENCES `feeapi_type` (`market`, `type`) ON DELETE CASCADE ON UPDATE CASCADE,
  CONSTRAINT `fk_fee_exchange` FOREIGN KEY (`exchange`) REFERENCES `exchange` (`code`)
) ENGINE=InnoDB DEFAULT CHARSET=latin1;
/*!40101 SET character_set_client = @saved_cs_client */;

--
-- Dumping data for table `fee`
--

LOCK TABLES `fee` WRITE;
/*!40000 ALTER TABLE `fee` DISABLE KEYS */;
INSERT INTO `fee` VALUES ('DEPOSIT','0','BTC','ALLCOIN','BTC',''),('TRADE','0.15','%','ALLCOIN','CRYPTO',''),('WITHDRAW','0.0002','BTC','ALLCOIN','BTC',''),('DEPOSIT','0','BTC','ANXPRO','CRYPTO',''),('DEPOSIT','2.5','%','ANXPRO','EUR_ZIPZAP',''),('DEPOSIT','0','%','ANXPRO','FIAT_IWT',''),('DEPOSIT','2.5','%','ANXPRO','USD_ZIPZAP',''),('TRADE','0.6','%','ANXPRO','FIAT',''),('WITHDRAW','0.0001','BTC/kB','ANXPRO','CRYPTO','Network Fee'),('WITHDRAW','0.5','%','ANXPRO','EUR','+€20'),('WITHDRAW','0.5','%','ANXPRO','USD','+$25'),('DEPOSIT','0','BTC','BITFINEX','CRYPTO',''),('DEPOSIT','0.1','%','BITFINEX','FIAT_IWT',''),('DEPOSIT','2','%','BITFINEX','USD_EGOPAY',''),('TRADE','0.2','%','BITFINEX','FIAT',''),('WITHDRAW','0.1','%','BITFINEX','USD',''),('WITHDRAW','0','%','BITFINEX','USD_EGOPAY',''),('DEPOSIT','0','BTC','BITKONAN','CRYPTO',''),('DEPOSIT','0.12','%','BITKONAN','FIAT_IWT','Minimum $15'),('DEPOSIT','1','€','BITKONAN','FIAT_SEPA','+€/$ conversion rate'),('DEPOSIT','4','%','BITKONAN','USD_EGOPAY',''),('TRADE','0.29','%','BITKONAN','FIAT',''),('WITHDRAW','0','BTC','BITKONAN','CRYPTO',''),('WITHDRAW','0.12','%','BITKONAN','FIAT_IWT','Minimum $15'),('WITHDRAW','1','€','BITKONAN','FIAT_SEPA',''),('WITHDRAW','2','%','BITKONAN','USD_EGOPAY',''),('DEPOSIT','0','BTC','BITSTAMP','CRYPTO',''),('DEPOSIT','0.1','%','BITSTAMP','FIAT_IWT','Minimum $15'),('DEPOSIT','0','€','BITSTAMP','FIAT_SEPA','+€/$ conversion rate'),('DEPOSIT','0','%','BITSTAMP','USD_ASTROPAY',''),('TRADE','0.5','%','BITSTAMP','FIAT',''),('WITHDRAW','0.09','%','BITSTAMP','FIAT_IWT','Minimum $15'),('WITHDRAW','0','€','BITSTAMP','FIAT_SEPA','+€/$ conversion rate'),('WITHDRAW','0.2','%','BITSTAMP','XRP',''),('DEPOSIT','0','BTC','BITTREX','CRYPTO',''),('TRADE','0.25','%','BITTREX','CRYPTO',''),('WITHDRAW','0.0002','BTC','BITTREX','BTC',''),('WITHDRAW','2','DOGE','BITTREX','DOGE',''),('WITHDRAW','0.002','LTC','BITTREX','LTC',''),('DEPOSIT','0','BTC','BITYES','CRYPTO',''),('DEPOSIT','1','%','BITYES','USD_ASTROPAY',''),('DEPOSIT','0','%','BITYES','USD_EGOPAY',''),('DEPOSIT','1','%','BITYES','USD_IWT',''),('DEPOSIT','1','%','BITYES','USD_OKPAY',''),('TRADE','0.2','%','BITYES','FIAT',''),('WITHDRAW','0','%','BITYES','CRYPTO',''),('WITHDRAW','0','%','BITYES','USD_EGOPAY',''),('WITHDRAW','0.1','%','BITYES','USD_IWT','Minimum $25'),('WITHDRAW','2','%','BITYES','USD_OKPAY',''),('DEPOSIT','-1','%','BTC38','CRYPTO',''),('TRADE','0.1','%','BTC38','CRYPTO',''),('WITHDRAW','1','%','BTC38','CRYPTO',''),('DEPOSIT','0','%','BTCC','CNY',''),('DEPOSIT','0','BTC','BTCC','CRYPTO',''),('TRADE','0','%','BTCC','FIAT',''),('WITHDRAW','0.38','%','BTCC','CNY',''),('DEPOSIT','0','BTC','BTCE','CRYPTO',''),('DEPOSIT','1','%','BTCE','EUR_MONEYPOLO',''),('DEPOSIT','1','%','BTCE','EUR_OKPAY',''),('DEPOSIT','3.5','%','BTCE','EUR_PERFECTMONEY',''),('DEPOSIT','0','%','BTCE','USD_BTCECODE',''),('DEPOSIT','0','%','BTCE','USD_ECOIN',''),('DEPOSIT','5','%','BTCE','USD_EGOPAY',''),('DEPOSIT','0','%','BTCE','USD_EPESE',''),('DEPOSIT','1','%','BTCE','USD_MONEYPOLO',''),('DEPOSIT','1','%','BTCE','USD_OKPAY',''),('DEPOSIT','2','%','BTCE','USD_PAYEER',''),('DEPOSIT','3.5','%','BTCE','USD_PERFECTMONEY',''),('TRADE','0.2','%','BTCE','FIAT',''),('WITHDRAW','1','%','BTCE','EUR_MONEYPOLO',''),('WITHDRAW','1','%','BTCE','EUR_OKPAY',''),('WITHDRAW','1','%','BTCE','EUR_PAYEER',''),('WITHDRAW','1','%','BTCE','FIAT_SEPA','Minimum €100'),('WITHDRAW','0','%','BTCE','USD_BTCECODE',''),('WITHDRAW','4','%','BTCE','USD_ECOIN',''),('WITHDRAW','0','%','BTCE','USD_EGOPAY',''),('WITHDRAW','4','%','BTCE','USD_EPESE',''),('WITHDRAW','1.5','%','BTCE','USD_IWT','Minimum $150'),('WITHDRAW','1','%','BTCE','USD_MONEYPOLO',''),('WITHDRAW','1','%','BTCE','USD_OKPAY',''),('WITHDRAW','1','%','BTCE','USD_PAYEER',''),('WITHDRAW','7','%','BTCE','USD_PAYPAL','Maximum $2500'),('WITHDRAW','1','%','BTCE','USD_PERFECTMONEY',''),('DEPOSIT','0','BTC','BTER','CRYPTO',''),('DEPOSIT','2','$','BTER','USD_EGOPAY',''),('TRADE','0.2','%','BTER','FIAT',''),('WITHDRAW','0.0006','BTC','BTER','CRYPTO',''),('WITHDRAW','0','%','BTER','USD_EGOPAY',''),('DEPOSIT','0','%','CAMPBX','USD_MONEYORDER',''),('TRADE','0.55','%','CAMPBX','FIAT',''),('WITHDRAW','15','$','CAMPBX','USD_CHECK',''),('WITHDRAW','','%','CAMPBX','USD_MONEYORDER',''),('DEPOSIT','0','BTC','CCEX','CRYPTO',''),('DEPOSIT','3','%','CCEX','USD_EGOPAY',''),('DEPOSIT','0','%','CCEX','USD_PAYEER',''),('TRADE','0.2','%','CCEX','FIAT',''),('WITHDRAW','7','%','CCEX','USD_EGOPAY',''),('WITHDRAW','1','%','CCEX','USD_PAYEER',''),('WITHDRAW','8','%','CCEX','USD_PAYPAL','Minimum $20'),('WITHDRAW','8','%','CCEX','USD_PAYZA',''),('WITHDRAW','9','%','CCEX','USD_PERFECTMONEY',''),('WITHDRAW','9','%','CCEX','USD_PRIVAT24',''),('WITHDRAW','8','%','CCEX','USD_QIWI',''),('WITHDRAW','7','%','CCEX','USD_UKASH',''),('WITHDRAW','8','%','CCEX','USD_WEBMONEY',''),('WITHDRAW','4','%','CCEX','USD_YANDEXMONEY',''),('DEPOSIT','0','BTC','COINFLOOR','CRYPTO',''),('DEPOSIT','1.5','€','COINFLOOR','EUR_IWT',''),('DEPOSIT','5','£','COINFLOOR','GBP_IWT',''),('DEPOSIT','0','PLN','COINFLOOR','PLN_IWT',''),('DEPOSIT','10','$','COINFLOOR','USD_IWT',''),('TRADE','0.15','%','COINFLOOR','FIAT',''),('WITHDRAW','0','BTC','COINFLOOR','CRYPTO',''),('WITHDRAW','1.5','€','COINFLOOR','EUR_IWT',''),('WITHDRAW','10','£','COINFLOOR','GBP_IWT',''),('WITHDRAW','1','PLN','COINFLOOR','PLN_IWT',''),('WITHDRAW','15','$','COINFLOOR','USD_IWT',''),('DEPOSIT','0','BTC','COINSE','CRYPTO',''),('TRADE','0.15','%','COINSE','CRYPTO',''),('WITHDRAW','0','BTC','COINSE','CRYPTO',''),('DEPOSIT','0','BTC','COINSWAP','CRYPTO',''),('TRADE','0.5','%','COINSWAP','CRYPTO',''),('WITHDRAW','0','BTC','COINSWAP','CRYPTO',''),('DEPOSIT','0','BTC','CRYPTOTRADE','CRYPTO',''),('DEPOSIT','2','%','CRYPTOTRADE','EUR_EGOPAY',''),('DEPOSIT','0','%','CRYPTOTRADE','EUR_OKPAY',''),('DEPOSIT','3','%','CRYPTOTRADE','EUR_PAYEER',''),('DEPOSIT','5','%','CRYPTOTRADE','EUR_PERFECTMONEY',''),('DEPOSIT','2','%','CRYPTOTRADE','USD_EGOPAY',''),('DEPOSIT','0','%','CRYPTOTRADE','USD_OKPAY',''),('DEPOSIT','3','%','CRYPTOTRADE','USD_PAYEER',''),('DEPOSIT','5','%','CRYPTOTRADE','USD_PERFECTMONEY',''),('TRADE','0.2','%','CRYPTOTRADE','FIAT',''),('WITHDRAW','0.001','BTC','CRYPTOTRADE','CRYPTO',''),('WITHDRAW','2','%','CRYPTOTRADE','EUR_EGOPAY',''),('WITHDRAW','8','%','CRYPTOTRADE','EUR_OKPAY',''),('WITHDRAW','3','%','CRYPTOTRADE','EUR_PAYEER',''),('WITHDRAW','2','%','CRYPTOTRADE','EUR_PERFECTMONEY',''),('WITHDRAW','1','%','CRYPTOTRADE','USD_EGOPAY',''),('WITHDRAW','8','%','CRYPTOTRADE','USD_OKPAY',''),('WITHDRAW','1','%','CRYPTOTRADE','USD_PAYEER',''),('WITHDRAW','2','%','CRYPTOTRADE','USD_PERFECTMONEY',''),('DEPOSIT','0','BTC','CRYPTSY','CRYPTO',''),('DEPOSIT','0','%','CRYPTSY','USD_EGOPAY',''),('TRADE','0.25','%','CRYPTSY','FIAT',''),('WITHDRAW','0','BTC','CRYPTSY','CRYPTO',''),('WITHDRAW','1.5','%','CRYPTSY','USD_EGOPAY','+$0.25'),('DEPOSIT','0','BTC','EXMO','CRYPTO',''),('DEPOSIT','1','%','EXMO','EUR_OKPAY',''),('DEPOSIT','1','€','EXMO','FIAT_SEPA',''),('DEPOSIT','1','%','EXMO','RUB_OKPAY',''),('DEPOSIT','3','%','EXMO','RUB_PAYEER',''),('DEPOSIT','3.9','%','EXMO','RUB_QIWI',''),('DEPOSIT','0.25','%','EXMO','USD_IWT','+$20'),('DEPOSIT','1','%','EXMO','USD_OKPAY',''),('DEPOSIT','3','%','EXMO','USD_PAYEER',''),('DEPOSIT','2','%','EXMO','USD_PERFECTMONEY',''),('TRADE','0.2','%','EXMO','FIAT',''),('WITHDRAW','0.001','BTC','EXMO','CRYPTO',''),('WITHDRAW','2','%','EXMO','EUR_OKPAY',''),('WITHDRAW','1','€','EXMO','FIAT_SEPA',''),('WITHDRAW','3.5','%','EXMO','RUB_CCARDS','+RUB50'),('WITHDRAW','4','%','EXMO','RUB_OKPAY',''),('WITHDRAW','2.5','%','EXMO','RUB_PAYEER',''),('WITHDRAW','1','%','EXMO','RUB_QIWI',''),('WITHDRAW','2','%','EXMO','USD_CCARDS','+$7'),('WITHDRAW','0.25','%','EXMO','USD_IWT','+$20'),('WITHDRAW','2','%','EXMO','USD_OKPAY',''),('WITHDRAW','2.5','%','EXMO','USD_PAYEER',''),('WITHDRAW','2','%','EXMO','USD_PERFECTMONEY',''),('DEPOSIT','0','BTC','HITBTC','CRYPTO',''),('DEPOSIT','0','€','HITBTC','FIAT_SEPA',''),('DEPOSIT','5','£','HITBTC','GBP_IWT',''),('DEPOSIT','9','$','HITBTC','USD_IWT',''),('TRADE','0.1','%','HITBTC','FIAT',''),('WITHDRAW','0.001','BTC','HITBTC','CRYPTO',''),('WITHDRAW','0.9','€','HITBTC','FIAT_SEPA',''),('WITHDRAW','5','£','HITBTC','GBP_IWT',''),('WITHDRAW','9','$','HITBTC','USD_IWT',''),('DEPOSIT','0','BTC','INDACOIN','CRYPTO',''),('DEPOSIT','0','%','INDACOIN','USD_BTCECODE',''),('DEPOSIT','4','%','INDACOIN','USD_CCARDS',''),('DEPOSIT','1','%','INDACOIN','USD_IWT',''),('DEPOSIT','0','%','INDACOIN','USD_OKPAY',''),('DEPOSIT','0','%','INDACOIN','USD_PAYEER',''),('DEPOSIT','0','%','INDACOIN','USD_PERFECTMONEY',''),('DEPOSIT','4','%','INDACOIN','USD_QIWI',''),('DEPOSIT','4','%','INDACOIN','USD_YANDEXMONEY',''),('TRADE','0.15','%','INDACOIN','FIAT',''),('WITHDRAW','13','$','INDACOIN','USD_CCARDS',''),('WITHDRAW','4','%','INDACOIN','USD_OKPAY',''),('WITHDRAW','4','%','INDACOIN','USD_PERFECTMONEY',''),('WITHDRAW','5','%','INDACOIN','USD_QIWI',''),('WITHDRAW','5','%','INDACOIN','USD_YANDEXMONEY',''),('DEPOSIT','0','BTC','ITBIT','CRYPTO',''),('DEPOSIT','3.64','€','ITBIT','FIAT_SEPA',''),('DEPOSIT','0','%','ITBIT','USD_IWT',''),('TRADE','0.5','%','ITBIT','FIAT',''),('WITHDRAW','0','BTC','ITBIT','CRYPTO',''),('WITHDRAW','8.03','€','ITBIT','FIAT_SEPA',''),('DEPOSIT','0','BTC','KRAKEN','CRYPTO',''),('DEPOSIT','0','%','KRAKEN','FIAT_SEPA',''),('DEPOSIT','0.19','%','KRAKEN','GBP_PAYCASH','Minimum £10'),('DEPOSIT','0','%','KRAKEN','JPY_IWT',''),('DEPOSIT','0.19','%','KRAKEN','USD_PAYCASH','Minimum $15'),('TRADE','0.1','%','KRAKEN','CRYPTO',''),('TRADE','0.35','%','KRAKEN','FIAT',''),('WITHDRAW','0.0005','BTC','KRAKEN','CRYPTO',''),('WITHDRAW','5','€','KRAKEN','EUR_IWT',''),('WITHDRAW','0.09','€','KRAKEN','FIAT_SEPA',''),('WITHDRAW','0.19','%','KRAKEN','GBP_PAYCASH','Minimum £10'),('WITHDRAW','300','JPY','KRAKEN','JPY_IWT',''),('WITHDRAW','0.19','%','KRAKEN','USD_PAYCASH','Minimum $15'),('DEPOSIT','0','BTC','LAKEBTC','CRYPTO',''),('DEPOSIT','1.5','%','LAKEBTC','USD_EGOPAY','+$0.25'),('DEPOSIT','0','%','LAKEBTC','USD_IWT',''),('DEPOSIT','0','%','LAKEBTC','USD_RIPPLE',''),('TRADE','0.2','%','LAKEBTC','FIAT',''),('WITHDRAW','0.0001','BTC','LAKEBTC','CRYPTO',''),('WITHDRAW','0.2','%','LAKEBTC','USD_IWT','+$0.25'),('DEPOSIT','0','BTC','MCXNOW','CRYPTO',''),('TRADE','0.25','%','MCXNOW','CRYPTO',''),('WITHDRAW','0.0001','BTC','MCXNOW','CRYPTO',''),('DEPOSIT','0','BTC','OKCOIN','CRYPTO',''),('DEPOSIT','0','%','OKCOIN','USD_IWT',''),('DEPOSIT','1.5','%','OKCOIN','USD_OKPAY',''),('DEPOSIT','3','%','OKCOIN','USD_PERFECTMONEY',''),('TRADE','0.2','%','OKCOIN','FIAT',''),('WITHDRAW','1','%','OKCOIN','USD_IWT','Minimum $15'),('DEPOSIT','0','BTC','PAYMIUM','CRYPTO',''),('DEPOSIT','0','€','PAYMIUM','FIAT_SEPA',''),('TRADE','0.59','%','PAYMIUM','FIAT',''),('WITHDRAW','0.99','€','PAYMIUM','FIAT_SEPA',''),('DEPOSIT','0','BTC','POLONIEX','CRYPTO',''),('TRADE','0.2','%','POLONIEX','CRYPTO',''),('WITHDRAW','0.0001','BTC','POLONIEX','CRYPTO',''),('DEPOSIT','0.99','%','SNAPSWAP','EUR_IWT','+€0.30 maximum €5.00'),('TRADE','0','%','SNAPSWAP','FIAT',''),('WITHDRAW','15','€','SNAPSWAP','EUR_IWT',''),('DEPOSIT','0','BTC','TROCKT','CRYPTO',''),('DEPOSIT','2.5','%','TROCKT','EUR_EGOPAY','+€0.50'),('DEPOSIT','0','%','TROCKT','EUR_OKPAY',''),('DEPOSIT','0','%','TROCKT','FIAT_SEPA',''),('DEPOSIT','0','%','TROCKT','GBP_OKPAY',''),('DEPOSIT','7.5','%','TROCKT','USD_EGOPAY','+€0.50'),('DEPOSIT','0','%','TROCKT','USD_IWT',''),('DEPOSIT','0','%','TROCKT','USD_OKPAY',''),('TRADE','0.5','%','TROCKT','FIAT',''),('WITHDRAW','0.001','BTC','TROCKT','CRYPTO',''),('WITHDRAW','1','€','TROCKT','EUR_OKPAY',''),('WITHDRAW','1','€','TROCKT','FIAT_SEPA',''),('WITHDRAW','1','£','TROCKT','GBP_OKPAY',''),('WITHDRAW','1','$','TROCKT','USD_IWT',''),('WITHDRAW','1','$','TROCKT','USD_OKPAY',''),('DEPOSIT','0','BTC','VIRCUREX','CRYPTO',''),('TRADE','0.2','%','VIRCUREX','CRYPTO',''),('WITHDRAW','0.002','BTC','VIRCUREX','CRYPTO',''),('DEPOSIT','0','BTC','VIRTEX','CRYPTO',''),('DEPOSIT','0','%','VIRTEX','EUR_ASTROPAY',''),('DEPOSIT','0','%','VIRTEX','EUR_EGOPAY',''),('DEPOSIT','0','%','VIRTEX','EUR_IWT',''),('DEPOSIT','0','%','VIRTEX','EUR_OKPAY',''),('DEPOSIT','1','%','VIRTEX','EUR_PAYZA','+€0.25'),('DEPOSIT','0.5','%','VIRTEX','EUR_PERFECTMONEY',''),('DEPOSIT','0','%','VIRTEX','USD_ASTROPAY',''),('DEPOSIT','0','%','VIRTEX','USD_EGOPAY',''),('DEPOSIT','0','%','VIRTEX','USD_IWT',''),('DEPOSIT','0','%','VIRTEX','USD_OKPAY',''),('DEPOSIT','1','%','VIRTEX','USD_PAYZA','+$0.25'),('DEPOSIT','0.5','%','VIRTEX','USD_PERFECTMONEY',''),('TRADE','0.2','%','VIRTEX','FIAT',''),('WITHDRAW','0','BTC','VIRTEX','CRYPTO',''),('WITHDRAW','0','%','VIRTEX','EUR_EGOPAY',''),('WITHDRAW','0','%','VIRTEX','EUR_IWT',''),('WITHDRAW','0.5','%','VIRTEX','EUR_OKPAY',''),('WITHDRAW','0','%','VIRTEX','EUR_PAYZA',''),('WITHDRAW','0.5','%','VIRTEX','EUR_PERFECTMONEY',''),('WITHDRAW','0','%','VIRTEX','USD_EGOPAY',''),('WITHDRAW','0','%','VIRTEX','USD_IWT',''),('WITHDRAW','0.5','%','VIRTEX','USD_OKPAY',''),('WITHDRAW','0','%','VIRTEX','USD_PAYZA',''),('WITHDRAW','0.5','%','VIRTEX','USD_PERFECTMONEY','');
/*!40000 ALTER TABLE `fee` ENABLE KEYS */;
UNLOCK TABLES;

--
-- Table structure for table `feeapi_type`
--

DROP TABLE IF EXISTS `feeapi_type`;
/*!40101 SET @saved_cs_client     = @@character_set_client */;
/*!40101 SET character_set_client = utf8 */;
CREATE TABLE `feeapi_type` (
  `market` varchar(20) NOT NULL,
  `type` varchar(20) NOT NULL,
  PRIMARY KEY (`market`,`type`),
  CONSTRAINT `fk_feeapi_market` FOREIGN KEY (`market`) REFERENCES `market` (`code`) ON DELETE CASCADE ON UPDATE CASCADE
) ENGINE=InnoDB DEFAULT CHARSET=latin1;
/*!40101 SET character_set_client = @saved_cs_client */;

--
-- Dumping data for table `feeapi_type`
--

LOCK TABLES `feeapi_type` WRITE;
/*!40000 ALTER TABLE `feeapi_type` DISABLE KEYS */;
INSERT INTO `feeapi_type` VALUES ('BTC','DEPOSIT'),('BTC','WITHDRAW'),('BTC_CNY','ORDERBOOK'),('BTC_DOGE','ORDERBOOK'),('BTC_DOGE','ORDERBOOK_BUY'),('BTC_DOGE','ORDERBOOK_SELL'),('BTC_DOGE','TICKER'),('BTC_EUR','ORDERBOOK'),('BTC_EUR','TICKER'),('BTC_LTC','ORDERBOOK'),('BTC_LTC','ORDERBOOK_BUY'),('BTC_LTC','ORDERBOOK_SELL'),('BTC_LTC','TICKER'),('BTC_RUB','ORDERBOOK'),('BTC_USD','ORDERBOOK'),('BTC_USD','TICKER'),('BTC_XRP','ORDERBOOK'),('BTC_XXX','PAIRS'),('CNY','DEPOSIT'),('CNY','WITHDRAW'),('CNY_XXX','PAIRS'),('CRYPTO','DEPOSIT'),('CRYPTO','TRADE'),('CRYPTO','WITHDRAW'),('DOGE','WITHDRAW'),('DOGE_CNY','ORDERBOOK'),('DOGE_EUR','ORDERBOOK'),('DOGE_USD','ORDERBOOK'),('DOGE_USD','TICKER'),('EUR','WITHDRAW'),('EUR_ASTROPAY','DEPOSIT'),('EUR_EGOPAY','DEPOSIT'),('EUR_EGOPAY','WITHDRAW'),('EUR_IWT','DEPOSIT'),('EUR_IWT','WITHDRAW'),('EUR_MONEYPOLO','DEPOSIT'),('EUR_MONEYPOLO','WITHDRAW'),('EUR_OKPAY','DEPOSIT'),('EUR_OKPAY','WITHDRAW'),('EUR_PAYEER','DEPOSIT'),('EUR_PAYEER','WITHDRAW'),('EUR_PAYZA','DEPOSIT'),('EUR_PAYZA','WITHDRAW'),('EUR_PERFECTMONEY','DEPOSIT'),('EUR_PERFECTMONEY','WITHDRAW'),('EUR_XRP','ORDERBOOK'),('EUR_ZIPZAP','DEPOSIT'),('FIAT','TRADE'),('FIAT_IWT','DEPOSIT'),('FIAT_IWT','WITHDRAW'),('FIAT_SEPA','DEPOSIT'),('FIAT_SEPA','WITHDRAW'),('GBP_IWT','DEPOSIT'),('GBP_IWT','WITHDRAW'),('GBP_OKPAY','DEPOSIT'),('GBP_OKPAY','WITHDRAW'),('GBP_PAYCASH','DEPOSIT'),('GBP_PAYCASH','WITHDRAW'),('JPY_IWT','DEPOSIT'),('JPY_IWT','WITHDRAW'),('LTC','WITHDRAW'),('LTC_CNY','ORDERBOOK'),('LTC_DOGE','ORDERBOOK'),('LTC_EUR','ORDERBOOK'),('LTC_EUR','TICKER'),('LTC_RUB','ORDERBOOK'),('LTC_USD','ORDERBOOK'),('LTC_USD','TICKER'),('NONE','PAIRS'),('PLN_IWT','DEPOSIT'),('PLN_IWT','WITHDRAW'),('RUB_CCARDS','WITHDRAW'),('RUB_DOGE','ORDERBOOK'),('RUB_OKPAY','DEPOSIT'),('RUB_OKPAY','WITHDRAW'),('RUB_PAYEER','DEPOSIT'),('RUB_PAYEER','WITHDRAW'),('RUB_QIWI','DEPOSIT'),('RUB_QIWI','WITHDRAW'),('USD','WITHDRAW'),('USD_ASTROPAY','DEPOSIT'),('USD_BTCECODE','DEPOSIT'),('USD_BTCECODE','WITHDRAW'),('USD_CCARDS','DEPOSIT'),('USD_CCARDS','WITHDRAW'),('USD_CHECK','WITHDRAW'),('USD_ECOIN','DEPOSIT'),('USD_ECOIN','WITHDRAW'),('USD_EGOPAY','DEPOSIT'),('USD_EGOPAY','WITHDRAW'),('USD_EPESE','DEPOSIT'),('USD_EPESE','WITHDRAW'),('USD_IWT','DEPOSIT'),('USD_IWT','WITHDRAW'),('USD_MONEYORDER','DEPOSIT'),('USD_MONEYORDER','WITHDRAW'),('USD_MONEYPOLO','DEPOSIT'),('USD_MONEYPOLO','WITHDRAW'),('USD_OKPAY','DEPOSIT'),('USD_OKPAY','WITHDRAW'),('USD_PAYCASH','DEPOSIT'),('USD_PAYCASH','WITHDRAW'),('USD_PAYEER','DEPOSIT'),('USD_PAYEER','WITHDRAW'),('USD_PAYPAL','WITHDRAW'),('USD_PAYZA','DEPOSIT'),('USD_PAYZA','WITHDRAW'),('USD_PERFECTMONEY','DEPOSIT'),('USD_PERFECTMONEY','WITHDRAW'),('USD_PRIVAT24','WITHDRAW'),('USD_QIWI','DEPOSIT'),('USD_QIWI','WITHDRAW'),('USD_RIPPLE','DEPOSIT'),('USD_UKASH','WITHDRAW'),('USD_WEBMONEY','WITHDRAW'),('USD_YANDEXMONEY','DEPOSIT'),('USD_YANDEXMONEY','WITHDRAW'),('USD_ZIPZAP','DEPOSIT'),('XRP','WITHDRAW'),('XRP_USD','ORDERBOOK');
/*!40000 ALTER TABLE `feeapi_type` ENABLE KEYS */;
UNLOCK TABLES;

--
-- Table structure for table `market`
--

DROP TABLE IF EXISTS `market`;
/*!40101 SET @saved_cs_client     = @@character_set_client */;
/*!40101 SET character_set_client = utf8 */;
CREATE TABLE `market` (
  `code` varchar(20) NOT NULL,
  `description` varchar(255) DEFAULT NULL,
  PRIMARY KEY (`code`)
) ENGINE=InnoDB DEFAULT CHARSET=latin1;
/*!40101 SET character_set_client = @saved_cs_client */;

--
-- Dumping data for table `market`
--

LOCK TABLES `market` WRITE;
/*!40000 ALTER TABLE `market` DISABLE KEYS */;
INSERT INTO `market` VALUES ('BTC','BTC market'),('BTC_CNY','BTC_CNY market'),('BTC_DOGE','BTC_DOGE market'),('BTC_EUR','BTC_EUR market'),('BTC_LTC','BTC_LTC market'),('BTC_RUB','BTC_RUB market'),('BTC_USD','BTC_USD market'),('BTC_XRP','BTC_XRP market'),('BTC_XXX','BTC_XXX market'),('CNY','CNY market'),('CNY_XXX','CNY_XXX market'),('CRYPTO','CRYPTO market'),('DOGE','DOGE market'),('DOGE_CNY','DOGE_CNY market'),('DOGE_EUR','DOGE_EUR market'),('DOGE_USD','DOGE_USD market'),('EUR','EUR market'),('EUR_ASTROPAY','EUR_ASTROPAY market'),('EUR_EGOPAY','EUR_EGOPAY market'),('EUR_IWT','EUR_IWT market'),('EUR_MONEYPOLO','EUR_MONEYPOLO market'),('EUR_OKPAY','EUR_OKPAY market'),('EUR_PAYEER','EUR_PAYEER market'),('EUR_PAYZA','EUR_PAYZA market'),('EUR_PERFECTMONEY','EUR_PERFECTMONEY market'),('EUR_XRP','EUR_XRP market'),('EUR_ZIPZAP','EUR_ZIPZAP market'),('FIAT','FIAT market'),('FIAT_IWT','FIAT_IWT market'),('FIAT_SEPA','FIAT_SEPA market'),('GBP_IWT','GBP_IWT market'),('GBP_OKPAY','GBP_OKPAY market'),('GBP_PAYCASH','GBP_PAYCASH market'),('JPY_IWT','JPY_IWT market'),('LTC','LTC market'),('LTC_CNY','LTC_CNY market'),('LTC_DOGE','LTC_DOGE market'),('LTC_EUR','LTC_EUR market'),('LTC_RUB','LTC_RUB market'),('LTC_USD','LTC_USD market'),('NONE','NONE market'),('PLN_IWT','PLN_IWT market'),('RUB_CCARDS','RUB_CCARDS market'),('RUB_DOGE','RUB_DOGE market'),('RUB_OKPAY','RUB_OKPAY market'),('RUB_PAYEER','RUB_PAYEER market'),('RUB_QIWI','RUB_QIWI market'),('USD','USD market'),('USD_ASTROPAY','USD_ASTROPAY market'),('USD_BTCECODE','USD_BTCECODE market'),('USD_CCARDS','USD_CCARDS market'),('USD_CHECK','USD_CHECK market'),('USD_ECOIN','USD_ECOIN market'),('USD_EGOPAY','USD_EGOPAY market'),('USD_EPESE','USD_EPESE market'),('USD_IWT','USD_IWT market'),('USD_MONEYORDER','USD_MONEYORDER market'),('USD_MONEYPOLO','USD_MONEYPOLO market'),('USD_OKPAY','USD_OKPAY market'),('USD_PAYCASH','USD_PAYCASH market'),('USD_PAYEER','USD_PAYEER market'),('USD_PAYPAL','USD_PAYPAL market'),('USD_PAYZA','USD_PAYZA market'),('USD_PERFECTMONEY','USD_PERFECTMONEY market'),('USD_PRIVAT24','USD_PRIVAT24 market'),('USD_QIWI','USD_QIWI market'),('USD_RIPPLE','USD_RIPPLE market'),('USD_UKASH','USD_UKASH market'),('USD_WEBMONEY','USD_WEBMONEY market'),('USD_YANDEXMONEY','USD_YANDEXMONEY market'),('USD_ZIPZAP','USD_ZIPZAP market'),('XRP','XRP market'),('XRP_USD','XRP_USD market');
/*!40000 ALTER TABLE `market` ENABLE KEYS */;
UNLOCK TABLES;

--
-- Table structure for table `newsletter`
--

DROP TABLE IF EXISTS `newsletter`;
/*!40101 SET @saved_cs_client     = @@character_set_client */;
/*!40101 SET character_set_client = utf8 */;
CREATE TABLE `newsletter` (
  `email` varchar(255) NOT NULL,
  PRIMARY KEY (`email`)
) ENGINE=InnoDB DEFAULT CHARSET=latin1;
/*!40101 SET character_set_client = @saved_cs_client */;

--
-- Dumping data for table `newsletter`
--

LOCK TABLES `newsletter` WRITE;
/*!40000 ALTER TABLE `newsletter` DISABLE KEYS */;
INSERT INTO `newsletter` VALUES ('gsit80@gmail.com'),('gsit80@gmail.com1'),('gsit80@gmail.com3'),('pippo@pippo.co');
/*!40000 ALTER TABLE `newsletter` ENABLE KEYS */;
UNLOCK TABLES;

--
-- Table structure for table `role`
--

DROP TABLE IF EXISTS `role`;
/*!40101 SET @saved_cs_client     = @@character_set_client */;
/*!40101 SET character_set_client = utf8 */;
CREATE TABLE `role` (
  `id` bigint(20) NOT NULL AUTO_INCREMENT,
  `description` varchar(64) DEFAULT NULL,
  `name` varchar(20) DEFAULT NULL,
  PRIMARY KEY (`id`)
) ENGINE=InnoDB DEFAULT CHARSET=latin1;
/*!40101 SET character_set_client = @saved_cs_client */;

--
-- Dumping data for table `role`
--

LOCK TABLES `role` WRITE;
/*!40000 ALTER TABLE `role` DISABLE KEYS */;
INSERT INTO `role` VALUES (-2,'Default role for all Users','ROLE_USER'),(-1,'Administrator role (can edit Users)','ROLE_ADMIN');
/*!40000 ALTER TABLE `role` ENABLE KEYS */;
UNLOCK TABLES;

--
-- Table structure for table `user_role`
--

DROP TABLE IF EXISTS `user_role`;
/*!40101 SET @saved_cs_client     = @@character_set_client */;
/*!40101 SET character_set_client = utf8 */;
CREATE TABLE `user_role` (
  `user_id` bigint(20) NOT NULL,
  `role_id` bigint(20) NOT NULL,
  PRIMARY KEY (`user_id`,`role_id`),
  KEY `FK143BF46A49A62B3D` (`role_id`) USING BTREE,
  KEY `FK143BF46AEED0EF1D` (`user_id`) USING BTREE,
  CONSTRAINT `FK143BF46AEED0EF1D` FOREIGN KEY (`user_id`) REFERENCES `app_user` (`id`),
  CONSTRAINT `FK143BF46A49A62B3D` FOREIGN KEY (`role_id`) REFERENCES `role` (`id`)
) ENGINE=InnoDB DEFAULT CHARSET=latin1;
/*!40101 SET character_set_client = @saved_cs_client */;

--
-- Dumping data for table `user_role`
--

LOCK TABLES `user_role` WRITE;
/*!40000 ALTER TABLE `user_role` DISABLE KEYS */;
INSERT INTO `user_role` VALUES (-3,-2),(-1,-2),(3,-2),(8,-2),(10,-2),(-3,-1),(-2,-1);
/*!40000 ALTER TABLE `user_role` ENABLE KEYS */;
UNLOCK TABLES;

--
-- Table structure for table `vs_database_diagrams`
--

DROP TABLE IF EXISTS `vs_database_diagrams`;
/*!40101 SET @saved_cs_client     = @@character_set_client */;
/*!40101 SET character_set_client = utf8 */;
CREATE TABLE `vs_database_diagrams` (
  `name` char(80) DEFAULT NULL,
  `diadata` text,
  `comment` varchar(1022) DEFAULT NULL,
  `preview` text,
  `lockinfo` char(80) DEFAULT NULL,
  `locktime` timestamp NOT NULL DEFAULT CURRENT_TIMESTAMP ON UPDATE CURRENT_TIMESTAMP,
  `version` char(80) DEFAULT NULL
) ENGINE=InnoDB DEFAULT CHARSET=utf8;
/*!40101 SET character_set_client = @saved_cs_client */;

--
-- Dumping data for table `vs_database_diagrams`
--

LOCK TABLES `vs_database_diagrams` WRITE;
/*!40000 ALTER TABLE `vs_database_diagrams` DISABLE KEYS */;
INSERT INTO `vs_database_diagrams` VALUES ('Bitcoin_Analytics','PD94bWwgdmVyc2lvbj0iMS4wIiBlbmNvZGluZz0idXRmLTgiPz4KPHByb3BlcnRpZXM+Cgk8Q29udHJvbHM+CgkJPEJpdGNvaW5fQW5hbHl0aWNzPgoJCQk8UHJvcGVydGllcz4KCQkJCTxebG9jayB2YWx1ZT0iMCIvPgoJCQkJPGJhY2tfY29sb3IgdmFsdWU9IkZGRkZGRiIvPgoJCQkJPGdhbW1hIHZhbHVlPSIwIi8+CgkJCQk8bmFtZSB2YWx1ZT0iQml0Y29pbl9BbmFseXRpY3MiLz4KCQkJCTxzaXplIHZhbHVlPSIyMDQ4OzIwNDgiLz4KCQkJCTxzdHlsZSB2YWx1ZT0iNCIvPgoJCQkJPHN0eWxlX2xpbmtzIHZhbHVlPSIwIi8+CgkJCQk8dW5pdHMgdmFsdWU9IjUiLz4KCQkJPC9Qcm9wZXJ0aWVzPgoJCQk8VHlwZSB2YWx1ZT0iRGlhZ3JhbSIvPgoJCTwvQml0Y29pbl9BbmFseXRpY3M+CgkJPFRhYmxlPgoJCQk8UGFyZW50IHZhbHVlPSIjVE9QIi8+CgkJCTxQcm9wZXJ0aWVzPgoJCQkJPF5jaGVja3MgdmFsdWU9IjAiLz4KCQkJCTxeZ3JvdXAgdmFsdWU9Ii0xIi8+CgkJCQk8XmhlaWdodCB2YWx1ZT0iLTEiLz4KCQkJCTxeaW5kZXhlcyB2YWx1ZT0iMCIvPgoJCQkJPF5sZXZlbCB2YWx1ZT0iNSIvPgoJCQkJPF5saW5rcyB2YWx1ZT0iMCIvPgoJCQkJPF5sb2NrIHZhbHVlPSIwIi8+CgkJCQk8Xm1ldGhvZHMgdmFsdWU9IjAiLz4KCQkJCTxebWluaW1pemVkIHZhbHVlPSIwIi8+CgkJCQk8XnByb3BlcnRpZXMgdmFsdWU9IjAiLz4KCQkJCTxedHJpZ2dlcnMgdmFsdWU9IjAiLz4KCQkJCTxedW5pcXVlcyB2YWx1ZT0iMCIvPgoJCQkJPGJhY2tfY29sb3IgdmFsdWU9IkI0RDY0NzAwIi8+CgkJCQk8bmFtZSB2YWx1ZT0iVGFibGUiLz4KCQkJCTxwb3NpdGlvbiB2YWx1ZT0iNTExOzEyNCIvPgoJCQkJPHNpemUgdmFsdWU9IjIyODsxNzYiLz4KCQkJPC9Qcm9wZXJ0aWVzPgoJCQk8VHlwZSB2YWx1ZT0iVGFibGUiLz4KCQk8L1RhYmxlPgoJCTxUYWJsZTE+CgkJCTxQYXJlbnQgdmFsdWU9IiNUT1AiLz4KCQkJPFByb3BlcnRpZXM+CgkJCQk8XmNoZWNrcyB2YWx1ZT0iMCIvPgoJCQkJPF5ncm91cCB2YWx1ZT0iLTEiLz4KCQkJCTxeaGVpZ2h0IHZhbHVlPSItMSIvPgoJCQkJPF5pbmRleGVzIHZhbHVlPSIwIi8+CgkJCQk8XmxldmVsIHZhbHVlPSI0Ii8+CgkJCQk8XmxpbmtzIHZhbHVlPSIwIi8+CgkJCQk8XmxvY2sgdmFsdWU9IjAiLz4KCQkJCTxebWV0aG9kcyB2YWx1ZT0iMCIvPgoJCQkJPF5taW5pbWl6ZWQgdmFsdWU9IjAiLz4KCQkJCTxecHJvcGVydGllcyB2YWx1ZT0iMCIvPgoJCQkJPF50cmlnZ2VycyB2YWx1ZT0iMCIvPgoJCQkJPF51bmlxdWVzIHZhbHVlPSIwIi8+CgkJCQk8YmFja19jb2xvciB2YWx1ZT0iQjRENjQ3MDAiLz4KCQkJCTxuYW1lIHZhbHVlPSJUYWJsZTEiLz4KCQkJCTxwb3NpdGlvbiB2YWx1ZT0iODk7MzE3Ii8+CgkJCQk8c2l6ZSB2YWx1ZT0iMTg3OzE0MCIvPgoJCQk8L1Byb3BlcnRpZXM+CgkJCTxUeXBlIHZhbHVlPSJUYWJsZSIvPgoJCTwvVGFibGUxPgoJCTxUYWJsZTI+CgkJCTxQYXJlbnQgdmFsdWU9IiNUT1AiLz4KCQkJPFByb3BlcnRpZXM+CgkJCQk8XmNoZWNrcyB2YWx1ZT0iMCIvPgoJCQkJPF5ncm91cCB2YWx1ZT0iLTEiLz4KCQkJCTxeaGVpZ2h0IHZhbHVlPSItMSIvPgoJCQkJPF5pbmRleGVzIHZhbHVlPSIxIi8+CgkJCQk8XmxldmVsIHZhbHVlPSIzIi8+CgkJCQk8XmxpbmtzIHZhbHVlPSIwIi8+CgkJCQk8XmxvY2sgdmFsdWU9IjAiLz4KCQkJCTxebWV0aG9kcyB2YWx1ZT0iMCIvPgoJCQkJPF5taW5pbWl6ZWQgdmFsdWU9IjAiLz4KCQkJCTxecHJvcGVydGllcyB2YWx1ZT0iMCIvPgoJCQkJPF50cmlnZ2VycyB2YWx1ZT0iMCIvPgoJCQkJPF51bmlxdWVzIHZhbHVlPSIwIi8+CgkJCQk8YmFja19jb2xvciB2YWx1ZT0iQjRENjQ3MDAiLz4KCQkJCTxuYW1lIHZhbHVlPSJUYWJsZTIiLz4KCQkJCTxwb3NpdGlvbiB2YWx1ZT0iODk7NTA2Ii8+CgkJCQk8c2l6ZSB2YWx1ZT0iMTU2OzEyMiIvPgoJCQk8L1Byb3BlcnRpZXM+CgkJCTxUeXBlIHZhbHVlPSJUYWJsZSIvPgoJCTwvVGFibGUyPgoJCTxUYWJsZTM+CgkJCTxQYXJlbnQgdmFsdWU9IiNUT1AiLz4KCQkJPFByb3BlcnRpZXM+CgkJCQk8XmNoZWNrcyB2YWx1ZT0iMCIvPgoJCQkJPF5ncm91cCB2YWx1ZT0iLTEiLz4KCQkJCTxeaGVpZ2h0IHZhbHVlPSItMSIvPgoJCQkJPF5pbmRleGVzIHZhbHVlPSIwIi8+CgkJCQk8XmxldmVsIHZhbHVlPSIyIi8+CgkJCQk8XmxpbmtzIHZhbHVlPSIwIi8+CgkJCQk8XmxvY2sgdmFsdWU9IjAiLz4KCQkJCTxebWV0aG9kcyB2YWx1ZT0iMCIvPgoJCQkJPF5taW5pbWl6ZWQgdmFsdWU9IjAiLz4KCQkJCTxecHJvcGVydGllcyB2YWx1ZT0iMCIvPgoJCQkJPF50cmlnZ2VycyB2YWx1ZT0iMCIvPgoJCQkJPF51bmlxdWVzIHZhbHVlPSIwIi8+CgkJCQk8YmFja19jb2xvciB2YWx1ZT0iQjRENjQ3MDAiLz4KCQkJCTxuYW1lIHZhbHVlPSJUYWJsZTMiLz4KCQkJCTxwb3NpdGlvbiB2YWx1ZT0iNTQzOzUwNiIvPgoJCQkJPHNpemUgdmFsdWU9IjE5NjsxMDQiLz4KCQkJPC9Qcm9wZXJ0aWVzPgoJCQk8VHlwZSB2YWx1ZT0iVGFibGUiLz4KCQk8L1RhYmxlMz4KCQk8VGFibGU0PgoJCQk8UGFyZW50IHZhbHVlPSIjVE9QIi8+CgkJCTxQcm9wZXJ0aWVzPgoJCQkJPF5jaGVja3MgdmFsdWU9IjAiLz4KCQkJCTxeZ3JvdXAgdmFsdWU9Ii0xIi8+CgkJCQk8XmhlaWdodCB2YWx1ZT0iLTEiLz4KCQkJCTxeaW5kZXhlcyB2YWx1ZT0iMCIvPgoJCQkJPF5sZXZlbCB2YWx1ZT0iMSIvPgoJCQkJPF5saW5rcyB2YWx1ZT0iMCIvPgoJCQkJPF5sb2NrIHZhbHVlPSIwIi8+CgkJCQk8Xm1ldGhvZHMgdmFsdWU9IjAiLz4KCQkJCTxebWluaW1pemVkIHZhbHVlPSIwIi8+CgkJCQk8XnByb3BlcnRpZXMgdmFsdWU9IjAiLz4KCQkJCTxedHJpZ2dlcnMgdmFsdWU9IjAiLz4KCQkJCTxedW5pcXVlcyB2YWx1ZT0iMCIvPgoJCQkJPGJhY2tfY29sb3IgdmFsdWU9IkI0RDY0NzAwIi8+CgkJCQk8bmFtZSB2YWx1ZT0iVGFibGU0Ii8+CgkJCQk8cG9zaXRpb24gdmFsdWU9Ijg5OzEyNCIvPgoJCQkJPHNpemUgdmFsdWU9IjE4NzsxNTgiLz4KCQkJPC9Qcm9wZXJ0aWVzPgoJCQk8VHlwZSB2YWx1ZT0iVGFibGUiLz4KCQk8L1RhYmxlND4KCTwvQ29udHJvbHM+Cgk8R1VJPgoJCTxGdWxsVG9vbGJhckxlZnQgdmFsdWU9IjEiLz4KCQk8RnVsbFRvb2xiYXJSaWdodCB2YWx1ZT0iMCIvPgoJCTxQYWdlRWRpdG9yIHZhbHVlPSItMSIvPgoJCTxQYWdlRWRpdG9ySCB2YWx1ZT0iMCIvPgoJCTxQYWdlVG9vbGJhckxlZnQgdmFsdWU9IjAiLz4KCQk8UGFnZVRvb2xiYXJSQiB2YWx1ZT0iMCIvPgoJCTxQYWdlVG9vbGJhclJpZ2h0IHZhbHVlPSIwIi8+CgkJPFBhbmVDbGlwYm9hcmQgdmFsdWU9IjAiLz4KCQk8UGFuZUxheW91dCB2YWx1ZT0iMCIvPgoJCTxQYW5lVmlldyB2YWx1ZT0iMCIvPgoJCTxTY3JvbGxYIHZhbHVlPSIwIi8+CgkJPFNjcm9sbFkgdmFsdWU9IjI1Ii8+CgkJPFNlbGVjdGlvbiB2YWx1ZT0iUW1sMFkyOXBibDlCYm1Gc2VYUnBZM009Ii8+CgkJPFNob3dBbGwgdmFsdWU9IjEiLz4KCQk8U2hvd0NoYW5nZXMgdmFsdWU9IjEiLz4KCQk8U2hvd0dMIHZhbHVlPSIxIi8+CgkJPFNob3dHcmlkIHZhbHVlPSIxIi8+CgkJPFVzZUdyaWQgdmFsdWU9IjAiLz4KCTwvR1VJPgoJPE1vZGVsPgoJCTxiaXRjb2luX2FuYWx5dGljcz4KCQkJPGxpbms+CgkJCQk8bzA+CgkJCQkJPENoYW5nZXMgdmFsdWU9IiIvPgoJCQkJCTxQcm9wZXJ0aWVzPgoJCQkJCQk8Q2FyZGluYWxpdHkgdmFsdWU9Ik9ORSB0byBNQU5ZIi8+CgkJCQkJCTxDaGlsZF9UYWJsZSB2YWx1ZT0iYXBpIi8+CgkJCQkJCTxGb3JlaWduX0tleSB2YWx1ZT0iWlhoamFHRnVaMlU9Ii8+CgkJCQkJCTxOYW1lIHZhbHVlPSJma19hcGlfZXhjaGFuZ2UiLz4KCQkJCQkJPE9uX0RlbGV0ZSB2YWx1ZT0iUmVzdHJpY3QiLz4KCQkJCQkJPE9uX1VwZGF0ZSB2YWx1ZT0iUmVzdHJpY3QiLz4KCQkJCQkJPFBhcmVudF9UYWJsZSB2YWx1ZT0iZXhjaGFuZ2UiLz4KCQkJCQkJPFByaW1hcnlfS2V5IHZhbHVlPSJZMjlrWlE9PSIvPgoJCQkJCTwvUHJvcGVydGllcz4KCQkJCQk8Y29udHJvbCB2YWx1ZT0iIi8+CgkJCQkJPGRlbGV0ZSB2YWx1ZT0iMCIvPgoJCQkJCTxuYW1lIHZhbHVlPSJma19hcGlfZXhjaGFuZ2UiLz4KCQkJCTwvbzA+CgkJCQk8bzE+CgkJCQkJPENoYW5nZXMgdmFsdWU9IiIvPgoJCQkJCTxQcm9wZXJ0aWVzPgoJCQkJCQk8Q2FyZGluYWxpdHkgdmFsdWU9Ik9ORSB0byBNQU5ZIi8+CgkJCQkJCTxDaGlsZF9UYWJsZSB2YWx1ZT0iYXBpIi8+CgkJCQkJCTxGb3JlaWduX0tleSB2YWx1ZT0iZEhsd1pWOXRZWEpyWlhRPSBkSGx3WlY5MGVYQmwiLz4KCQkJCQkJPE5hbWUgdmFsdWU9ImZrX2FwaV90eXBlIi8+CgkJCQkJCTxPbl9EZWxldGUgdmFsdWU9IlJlc3RyaWN0Ii8+CgkJCQkJCTxPbl9VcGRhdGUgdmFsdWU9IlJlc3RyaWN0Ii8+CgkJCQkJCTxQYXJlbnRfVGFibGUgdmFsdWU9ImZlZWFwaV90eXBlIi8+CgkJCQkJCTxQcmltYXJ5X0tleSB2YWx1ZT0iYldGeWEyVjAgZEhsd1pRPT0iLz4KCQkJCQk8L1Byb3BlcnRpZXM+CgkJCQkJPGNvbnRyb2wgdmFsdWU9IiIvPgoJCQkJCTxkZWxldGUgdmFsdWU9IjAiLz4KCQkJCQk8bmFtZSB2YWx1ZT0iZmtfYXBpX3R5cGUiLz4KCQkJCTwvbzE+CgkJCQk8bzI+CgkJCQkJPENoYW5nZXMgdmFsdWU9IiIvPgoJCQkJCTxQcm9wZXJ0aWVzPgoJCQkJCQk8Q2FyZGluYWxpdHkgdmFsdWU9Ik9ORSB0byBNQU5ZIi8+CgkJCQkJCTxDaGlsZF9UYWJsZSB2YWx1ZT0iZmVlYXBpX3R5cGUiLz4KCQkJCQkJPEZvcmVpZ25fS2V5IHZhbHVlPSJiV0Z5YTJWMCIvPgoJCQkJCQk8TmFtZSB2YWx1ZT0iZmtfZmVlYXBpX21hcmtldCIvPgoJCQkJCQk8T25fRGVsZXRlIHZhbHVlPSJSZXN0cmljdCIvPgoJCQkJCQk8T25fVXBkYXRlIHZhbHVlPSJSZXN0cmljdCIvPgoJCQkJCQk8UGFyZW50X1RhYmxlIHZhbHVlPSJtYXJrZXQiLz4KCQkJCQkJPFByaW1hcnlfS2V5IHZhbHVlPSJZMjlrWlE9PSIvPgoJCQkJCTwvUHJvcGVydGllcz4KCQkJCQk8Y29udHJvbCB2YWx1ZT0iIi8+CgkJCQkJPGRlbGV0ZSB2YWx1ZT0iMCIvPgoJCQkJCTxuYW1lIHZhbHVlPSJma19mZWVhcGlfbWFya2V0Ii8+CgkJCQk8L28yPgoJCQkJPG8zPgoJCQkJCTxDaGFuZ2VzIHZhbHVlPSIiLz4KCQkJCQk8UHJvcGVydGllcz4KCQkJCQkJPENhcmRpbmFsaXR5IHZhbHVlPSJPTkUgdG8gTUFOWSIvPgoJCQkJCQk8Q2hpbGRfVGFibGUgdmFsdWU9ImZlZSIvPgoJCQkJCQk8Rm9yZWlnbl9LZXkgdmFsdWU9IlpYaGphR0Z1WjJVPSIvPgoJCQkJCQk8TmFtZSB2YWx1ZT0iZmtfZmVlX2V4Y2hhbmdlIi8+CgkJCQkJCTxPbl9EZWxldGUgdmFsdWU9IlJlc3RyaWN0Ii8+CgkJCQkJCTxPbl9VcGRhdGUgdmFsdWU9IlJlc3RyaWN0Ii8+CgkJCQkJCTxQYXJlbnRfVGFibGUgdmFsdWU9ImV4Y2hhbmdlIi8+CgkJCQkJCTxQcmltYXJ5X0tleSB2YWx1ZT0iWTI5a1pRPT0iLz4KCQkJCQk8L1Byb3BlcnRpZXM+CgkJCQkJPGNvbnRyb2wgdmFsdWU9IiIvPgoJCQkJCTxkZWxldGUgdmFsdWU9IjAiLz4KCQkJCQk8bmFtZSB2YWx1ZT0iZmtfZmVlX2V4Y2hhbmdlIi8+CgkJCQk8L28zPgoJCQkJPG80PgoJCQkJCTxDaGFuZ2VzIHZhbHVlPSIiLz4KCQkJCQk8UHJvcGVydGllcz4KCQkJCQkJPENhcmRpbmFsaXR5IHZhbHVlPSJPTkUgdG8gTUFOWSIvPgoJCQkJCQk8Q2hpbGRfVGFibGUgdmFsdWU9ImZlZSIvPgoJCQkJCQk8Rm9yZWlnbl9LZXkgdmFsdWU9ImRIbHdaVjl0WVhKclpYUT0gZEhsd1pWOTBlWEJsIi8+CgkJCQkJCTxOYW1lIHZhbHVlPSJma19mZWVfdHlwZSIvPgoJCQkJCQk8T25fRGVsZXRlIHZhbHVlPSJSZXN0cmljdCIvPgoJCQkJCQk8T25fVXBkYXRlIHZhbHVlPSJSZXN0cmljdCIvPgoJCQkJCQk8UGFyZW50X1RhYmxlIHZhbHVlPSJmZWVhcGlfdHlwZSIvPgoJCQkJCQk8UHJpbWFyeV9LZXkgdmFsdWU9ImJXRnlhMlYwIGRIbHdaUT09Ii8+CgkJCQkJPC9Qcm9wZXJ0aWVzPgoJCQkJCTxjb250cm9sIHZhbHVlPSIiLz4KCQkJCQk8ZGVsZXRlIHZhbHVlPSIwIi8+CgkJCQkJPG5hbWUgdmFsdWU9ImZrX2ZlZV90eXBlIi8+CgkJCQk8L280PgoJCQk8L2xpbms+CgkJCTx0YWJsZT4KCQkJCTxvMD4KCQkJCQk8Q2hhbmdlcyB2YWx1ZT0iIi8+CgkJCQkJPFByb3BlcnRpZXM+CgkJCQkJCTxBdXRvaW5jcmVtZW50IHZhbHVlPSIwIi8+CgkJCQkJCTxBdmVyYWdlX1Jvd19TaXplIHZhbHVlPSI0NjgiLz4KCQkJCQkJPENoYXJzZXQgdmFsdWU9ImxhdGluMSIvPgoJCQkJCQk8Q29sbGF0aW9uIHZhbHVlPSJsYXRpbjFfc3dlZGlzaF9jaSIvPgoJCQkJCQk8Q29tbWVudCB2YWx1ZT0iIi8+CgkJCQkJCTxDcmVhdGVfVGltZSB2YWx1ZT0iMjAxNC0xMS0xMSAxNjo0MDo1NiIvPgoJCQkJCQk8RW5naW5lIHZhbHVlPSJJbm5vREIiLz4KCQkJCQkJPEZpZWxkX0NvdW50IHZhbHVlPSI2Ii8+CgkJCQkJCTxJbmRleF9Db3VudCB2YWx1ZT0iMSIvPgoJCQkJCQk8TGlua19Db3VudCB2YWx1ZT0iMiIvPgoJCQkJCQk8TmFtZSB2YWx1ZT0iZXhjaGFuZ2UiLz4KCQkJCQkJPFByaW1hcnlfS2V5IHZhbHVlPSJZMjlrWlE9PSIvPgoJCQkJCQk8UmVjb3JkX0NvdW50IHZhbHVlPSIzNSIvPgoJCQkJCQk8U2l6ZSB2YWx1ZT0iMTYuMDAgS2IiLz4KCQkJCQkJPFRyaWdnZXJfQ291bnQgdmFsdWU9IjAiLz4KCQkJCQkJPFVuaXF1ZV9Db3VudCB2YWx1ZT0iMSIvPgoJCQkJCQk8VXBkYXRlX1RpbWUgdmFsdWU9IiIvPgoJCQkJCTwvUHJvcGVydGllcz4KCQkJCQk8Y29udHJvbCB2YWx1ZT0iVGFibGUiLz4KCQkJCQk8ZGVsZXRlIHZhbHVlPSIwIi8+CgkJCQkJPGZpZWxkPgoJCQkJCQk8bzA+CgkJCQkJCQk8Q2hhbmdlcyB2YWx1ZT0iIi8+CgkJCQkJCQk8UHJvcGVydGllcz4KCQkJCQkJCQk8QXV0b2luY3JlbWVudCB2YWx1ZT0iMCIvPgoJCQkJCQkJCTxDaGFyc2V0IHZhbHVlPSJsYXRpbjEiLz4KCQkJCQkJCQk8Q29sbGF0aW9uIHZhbHVlPSJsYXRpbjFfc3dlZGlzaF9jaSIvPgoJCQkJCQkJCTxDb21tZW50IHZhbHVlPSIiLz4KCQkJCQkJCQk8RGVmYXVsdF9WYWx1ZSB2YWx1ZT0iIi8+CgkJCQkJCQkJPEZpZWxkX1Bvc2l0aW9uIHZhbHVlPSI1Ii8+CgkJCQkJCQkJPEluZGV4ZWQgdmFsdWU9IjAiLz4KCQkJCQkJCQk8TGVuZ3RoIHZhbHVlPSIyNTUiLz4KCQkJCQkJCQk8TmFtZSB2YWx1ZT0iYXBpX2FkZHJlc3MiLz4KCQkJCQkJCQk8TnVsbGFibGUgdmFsdWU9IjEiLz4KCQkJCQkJCQk8T25fVXBkYXRlX1NldF9DdXJyZW50IHZhbHVlPSIwIi8+CgkJCQkJCQkJPFByZWNpc2lvbiB2YWx1ZT0iMCIvPgoJCQkJCQkJCTxTY2FsZSB2YWx1ZT0iMCIvPgoJCQkJCQkJCTxUeXBlIHZhbHVlPSJWYXJDaGFyIi8+CgkJCQkJCQkJPFVuaXF1ZSB2YWx1ZT0iMCIvPgoJCQkJCQkJCTxVbnNpZ25lZCB2YWx1ZT0iMCIvPgoJCQkJCQkJCTxaZXJvZmlsbCB2YWx1ZT0iMCIvPgoJCQkJCQkJPC9Qcm9wZXJ0aWVzPgoJCQkJCQkJPGNvbnRyb2wgdmFsdWU9IiIvPgoJCQkJCQkJPGRlbGV0ZSB2YWx1ZT0iMCIvPgoJCQkJCQkJPG5hbWUgdmFsdWU9ImFwaV9hZGRyZXNzIi8+CgkJCQkJCTwvbzA+CgkJCQkJCTxvMT4KCQkJCQkJCTxDaGFuZ2VzIHZhbHVlPSIiLz4KCQkJCQkJCTxQcm9wZXJ0aWVzPgoJCQkJCQkJCTxBdXRvaW5jcmVtZW50IHZhbHVlPSIwIi8+CgkJCQkJCQkJPENoYXJzZXQgdmFsdWU9ImxhdGluMSIvPgoJCQkJCQkJCTxDb2xsYXRpb24gdmFsdWU9ImxhdGluMV9zd2VkaXNoX2NpIi8+CgkJCQkJCQkJPENvbW1lbnQgdmFsdWU9IiIvPgoJCQkJCQkJCTxEZWZhdWx0X1ZhbHVlIHZhbHVlPSIiLz4KCQkJCQkJCQk8RmllbGRfUG9zaXRpb24gdmFsdWU9IjEiLz4KCQkJCQkJCQk8SW5kZXhlZCB2YWx1ZT0iMSIvPgoJCQkJCQkJCTxMZW5ndGggdmFsdWU9IjIwIi8+CgkJCQkJCQkJPE5hbWUgdmFsdWU9ImNvZGUiLz4KCQkJCQkJCQk8TnVsbGFibGUgdmFsdWU9IjAiLz4KCQkJCQkJCQk8T25fVXBkYXRlX1NldF9DdXJyZW50IHZhbHVlPSIwIi8+CgkJCQkJCQkJPFByZWNpc2lvbiB2YWx1ZT0iMCIvPgoJCQkJCQkJCTxTY2FsZSB2YWx1ZT0iMCIvPgoJCQkJCQkJCTxUeXBlIHZhbHVlPSJWYXJDaGFyIi8+CgkJCQkJCQkJPFVuaXF1ZSB2YWx1ZT0iMSIvPgoJCQkJCQkJCTxVbnNpZ25lZCB2YWx1ZT0iMCIvPgoJCQkJCQkJCTxaZXJvZmlsbCB2YWx1ZT0iMCIvPgoJCQkJCQkJPC9Qcm9wZXJ0aWVzPgoJCQkJCQkJPGNvbnRyb2wgdmFsdWU9IiIvPgoJCQkJCQkJPGRlbGV0ZSB2YWx1ZT0iMCIvPgoJCQkJCQkJPG5hbWUgdmFsdWU9ImNvZGUiLz4KCQkJCQkJPC9vMT4KCQkJCQkJPG8yPgoJCQkJCQkJPENoYW5nZXMgdmFsdWU9IiIvPgoJCQkJCQkJPFByb3BlcnRpZXM+CgkJCQkJCQkJPEF1dG9pbmNyZW1lbnQgdmFsdWU9IjAiLz4KCQkJCQkJCQk8Q2hhcnNldCB2YWx1ZT0ibGF0aW4xIi8+CgkJCQkJCQkJPENvbGxhdGlvbiB2YWx1ZT0ibGF0aW4xX3N3ZWRpc2hfY2kiLz4KCQkJCQkJCQk8Q29tbWVudCB2YWx1ZT0iIi8+CgkJCQkJCQkJPERlZmF1bHRfVmFsdWUgdmFsdWU9IiIvPgoJCQkJCQkJCTxGaWVsZF9Qb3NpdGlvbiB2YWx1ZT0iMyIvPgoJCQkJCQkJCTxJbmRleGVkIHZhbHVlPSIwIi8+CgkJCQkJCQkJPExlbmd0aCB2YWx1ZT0iMjU1Ii8+CgkJCQkJCQkJPE5hbWUgdmFsdWU9ImRlc2NyaXB0aW9uIi8+CgkJCQkJCQkJPE51bGxhYmxlIHZhbHVlPSIwIi8+CgkJCQkJCQkJPE9uX1VwZGF0ZV9TZXRfQ3VycmVudCB2YWx1ZT0iMCIvPgoJCQkJCQkJCTxQcmVjaXNpb24gdmFsdWU9IjAiLz4KCQkJCQkJCQk8U2NhbGUgdmFsdWU9IjAiLz4KCQkJCQkJCQk8VHlwZSB2YWx1ZT0iVmFyQ2hhciIvPgoJCQkJCQkJCTxVbmlxdWUgdmFsdWU9IjAiLz4KCQkJCQkJCQk8VW5zaWduZWQgdmFsdWU9IjAiLz4KCQkJCQkJCQk8WmVyb2ZpbGwgdmFsdWU9IjAiLz4KCQkJCQkJCTwvUHJvcGVydGllcz4KCQkJCQkJCTxjb250cm9sIHZhbHVlPSIiLz4KCQkJCQkJCTxkZWxldGUgdmFsdWU9IjAiLz4KCQkJCQkJCTxuYW1lIHZhbHVlPSJkZXNjcmlwdGlvbiIvPgoJCQkJCQk8L28yPgoJCQkJCQk8bzM+CgkJCQkJCQk8Q2hhbmdlcyB2YWx1ZT0iIi8+CgkJCQkJCQk8UHJvcGVydGllcz4KCQkJCQkJCQk8QXV0b2luY3JlbWVudCB2YWx1ZT0iMCIvPgoJCQkJCQkJCTxDaGFyc2V0IHZhbHVlPSIiLz4KCQkJCQkJCQk8Q29sbGF0aW9uIHZhbHVlPSIiLz4KCQkJCQkJCQk8Q29tbWVudCB2YWx1ZT0iIi8+CgkJCQkJCQkJPERlZmF1bHRfVmFsdWUgdmFsdWU9IjAiLz4KCQkJCQkJCQk8RmllbGRfUG9zaXRpb24gdmFsdWU9IjYiLz4KCQkJCQkJCQk8SW5kZXhlZCB2YWx1ZT0iMCIvPgoJCQkJCQkJCTxMZW5ndGggdmFsdWU9IjI1NSIvPgoJCQkJCQkJCTxOYW1lIHZhbHVlPSJpbnRlcmZhY2UiLz4KCQkJCQkJCQk8TnVsbGFibGUgdmFsdWU9IjAiLz4KCQkJCQkJCQk8T25fVXBkYXRlX1NldF9DdXJyZW50IHZhbHVlPSIwIi8+CgkJCQkJCQkJPFByZWNpc2lvbiB2YWx1ZT0iMCIvPgoJCQkJCQkJCTxTY2FsZSB2YWx1ZT0iMCIvPgoJCQkJCQkJCTxUeXBlIHZhbHVlPSJCaW5hcnkiLz4KCQkJCQkJCQk8VW5pcXVlIHZhbHVlPSIwIi8+CgkJCQkJCQkJPFVuc2lnbmVkIHZhbHVlPSIwIi8+CgkJCQkJCQkJPFplcm9maWxsIHZhbHVlPSIwIi8+CgkJCQkJCQk8L1Byb3BlcnRpZXM+CgkJCQkJCQk8Y29udHJvbCB2YWx1ZT0iIi8+CgkJCQkJCQk8ZGVsZXRlIHZhbHVlPSIwIi8+CgkJCQkJCQk8bmFtZSB2YWx1ZT0iaW50ZXJmYWNlIi8+CgkJCQkJCTwvbzM+CgkJCQkJCTxvND4KCQkJCQkJCTxDaGFuZ2VzIHZhbHVlPSIiLz4KCQkJCQkJCTxQcm9wZXJ0aWVzPgoJCQkJCQkJCTxBdXRvaW5jcmVtZW50IHZhbHVlPSIwIi8+CgkJCQkJCQkJPENoYXJzZXQgdmFsdWU9ImxhdGluMSIvPgoJCQkJCQkJCTxDb2xsYXRpb24gdmFsdWU9ImxhdGluMV9zd2VkaXNoX2NpIi8+CgkJCQkJCQkJPENvbW1lbnQgdmFsdWU9IiIvPgoJCQkJCQkJCTxEZWZhdWx0X1ZhbHVlIHZhbHVlPSIiLz4KCQkJCQkJCQk8RmllbGRfUG9zaXRpb24gdmFsdWU9IjIiLz4KCQkJCQkJCQk8SW5kZXhlZCB2YWx1ZT0iMCIvPgoJCQkJCQkJCTxMZW5ndGggdmFsdWU9IjQ1Ii8+CgkJCQkJCQkJPE5hbWUgdmFsdWU9Im5hbWUiLz4KCQkJCQkJCQk8TnVsbGFibGUgdmFsdWU9IjEiLz4KCQkJCQkJCQk8T25fVXBkYXRlX1NldF9DdXJyZW50IHZhbHVlPSIwIi8+CgkJCQkJCQkJPFByZWNpc2lvbiB2YWx1ZT0iMCIvPgoJCQkJCQkJCTxTY2FsZSB2YWx1ZT0iMCIvPgoJCQkJCQkJCTxUeXBlIHZhbHVlPSJWYXJDaGFyIi8+CgkJCQkJCQkJPFVuaXF1ZSB2YWx1ZT0iMCIvPgoJCQkJCQkJCTxVbnNpZ25lZCB2YWx1ZT0iMCIvPgoJCQkJCQkJCTxaZXJvZmlsbCB2YWx1ZT0iMCIvPgoJCQkJCQkJPC9Qcm9wZXJ0aWVzPgoJCQkJCQkJPGNvbnRyb2wgdmFsdWU9IiIvPgoJCQkJCQkJPGRlbGV0ZSB2YWx1ZT0iMCIvPgoJCQkJCQkJPG5hbWUgdmFsdWU9Im5hbWUiLz4KCQkJCQkJPC9vND4KCQkJCQkJPG81PgoJCQkJCQkJPENoYW5nZXMgdmFsdWU9IiIvPgoJCQkJCQkJPFByb3BlcnRpZXM+CgkJCQkJCQkJPEF1dG9pbmNyZW1lbnQgdmFsdWU9IjAiLz4KCQkJCQkJCQk8Q2hhcnNldCB2YWx1ZT0ibGF0aW4xIi8+CgkJCQkJCQkJPENvbGxhdGlvbiB2YWx1ZT0ibGF0aW4xX3N3ZWRpc2hfY2kiLz4KCQkJCQkJCQk8Q29tbWVudCB2YWx1ZT0iIi8+CgkJCQkJCQkJPERlZmF1bHRfVmFsdWUgdmFsdWU9IiIvPgoJCQkJCQkJCTxGaWVsZF9Qb3NpdGlvbiB2YWx1ZT0iNCIvPgoJCQkJCQkJCTxJbmRleGVkIHZhbHVlPSIwIi8+CgkJCQkJCQkJPExlbmd0aCB2YWx1ZT0iMjU1Ii8+CgkJCQkJCQkJPE5hbWUgdmFsdWU9IndlYnNpdGVfYWRkcmVzcyIvPgoJCQkJCQkJCTxOdWxsYWJsZSB2YWx1ZT0iMSIvPgoJCQkJCQkJCTxPbl9VcGRhdGVfU2V0X0N1cnJlbnQgdmFsdWU9IjAiLz4KCQkJCQkJCQk8UHJlY2lzaW9uIHZhbHVlPSIwIi8+CgkJCQkJCQkJPFNjYWxlIHZhbHVlPSIwIi8+CgkJCQkJCQkJPFR5cGUgdmFsdWU9IlZhckNoYXIiLz4KCQkJCQkJCQk8VW5pcXVlIHZhbHVlPSIwIi8+CgkJCQkJCQkJPFVuc2lnbmVkIHZhbHVlPSIwIi8+CgkJCQkJCQkJPFplcm9maWxsIHZhbHVlPSIwIi8+CgkJCQkJCQk8L1Byb3BlcnRpZXM+CgkJCQkJCQk8Y29udHJvbCB2YWx1ZT0iIi8+CgkJCQkJCQk8ZGVsZXRlIHZhbHVlPSIwIi8+CgkJCQkJCQk8bmFtZSB2YWx1ZT0id2Vic2l0ZV9hZGRyZXNzIi8+CgkJCQkJCTwvbzU+CgkJCQkJPC9maWVsZD4KCQkJCQk8aW5kZXg+CgkJCQkJCTxvMD4KCQkJCQkJCTxDaGFuZ2VzIHZhbHVlPSIiLz4KCQkJCQkJCTxQcm9wZXJ0aWVzPgoJCQkJCQkJCTxDb21tZW50IHZhbHVlPSIiLz4KCQkJCQkJCQk8RmllbGRzIHZhbHVlPSJZMjlrWlE9PSIvPgoJCQkJCQkJCTxOYW1lIHZhbHVlPSJQUklNQVJZIi8+CgkJCQkJCQkJPFR5cGUgdmFsdWU9IkJUUkVFIi8+CgkJCQkJCQkJPFVuaXF1ZSB2YWx1ZT0iMSIvPgoJCQkJCQkJPC9Qcm9wZXJ0aWVzPgoJCQkJCQkJPGNvbnRyb2wgdmFsdWU9IiIvPgoJCQkJCQkJPGRlbGV0ZSB2YWx1ZT0iMCIvPgoJCQkJCQkJPG5hbWUgdmFsdWU9IlBSSU1BUlkiLz4KCQkJCQkJPC9vMD4KCQkJCQk8L2luZGV4PgoJCQkJCTxuYW1lIHZhbHVlPSJleGNoYW5nZSIvPgoJCQkJCTx1bmlxdWU+CgkJCQkJCTxvMD4KCQkJCQkJCTxDaGFuZ2VzIHZhbHVlPSIiLz4KCQkJCQkJCTxQcm9wZXJ0aWVzPgoJCQkJCQkJCTxGaWVsZHMgdmFsdWU9IlkyOWtaUT09Ii8+CgkJCQkJCQkJPE5hbWUgdmFsdWU9IlBSSU1BUlkiLz4KCQkJCQkJCTwvUHJvcGVydGllcz4KCQkJCQkJCTxjb250cm9sIHZhbHVlPSIiLz4KCQkJCQkJCTxkZWxldGUgdmFsdWU9IjAiLz4KCQkJCQkJCTxuYW1lIHZhbHVlPSJQUklNQVJZIi8+CgkJCQkJCTwvbzA+CgkJCQkJPC91bmlxdWU+CgkJCQk8L28wPgoJCQkJPG8xPgoJCQkJCTxDaGFuZ2VzIHZhbHVlPSIiLz4KCQkJCQk8UHJvcGVydGllcz4KCQkJCQkJPEF1dG9pbmNyZW1lbnQgdmFsdWU9IjAiLz4KCQkJCQkJPEF2ZXJhZ2VfUm93X1NpemUgdmFsdWU9IjQwOTYiLz4KCQkJCQkJPENoYXJzZXQgdmFsdWU9ImxhdGluMSIvPgoJCQkJCQk8Q29sbGF0aW9uIHZhbHVlPSJsYXRpbjFfc3dlZGlzaF9jaSIvPgoJCQkJCQk8Q29tbWVudCB2YWx1ZT0iIi8+CgkJCQkJCTxDcmVhdGVfVGltZSB2YWx1ZT0iMjAxNC0xMS0xMSAxNjo0MDo1NiIvPgoJCQkJCQk8RW5naW5lIHZhbHVlPSJJbm5vREIiLz4KCQkJCQkJPEZpZWxkX0NvdW50IHZhbHVlPSI0Ii8+CgkJCQkJCTxJbmRleF9Db3VudCB2YWx1ZT0iMyIvPgoJCQkJCQk8TGlua19Db3VudCB2YWx1ZT0iMiIvPgoJCQkJCQk8TmFtZSB2YWx1ZT0iYXBpIi8+CgkJCQkJCTxQcmltYXJ5X0tleSB2YWx1ZT0iWlhoamFHRnVaMlU9IGRIbHdaVjkwZVhCbCBkSGx3WlY5dFlYSnJaWFE9Ii8+CgkJCQkJCTxSZWNvcmRfQ291bnQgdmFsdWU9IjQiLz4KCQkJCQkJPFNpemUgdmFsdWU9IjQ4LjAwIEtiIi8+CgkJCQkJCTxUcmlnZ2VyX0NvdW50IHZhbHVlPSIwIi8+CgkJCQkJCTxVbmlxdWVfQ291bnQgdmFsdWU9IjEiLz4KCQkJCQkJPFVwZGF0ZV9UaW1lIHZhbHVlPSIiLz4KCQkJCQk8L1Byb3BlcnRpZXM+CgkJCQkJPGNvbnRyb2wgdmFsdWU9IlRhYmxlMSIvPgoJCQkJCTxkZWxldGUgdmFsdWU9IjAiLz4KCQkJCQk8ZmllbGQ+CgkJCQkJCTxvMD4KCQkJCQkJCTxDaGFuZ2VzIHZhbHVlPSIiLz4KCQkJCQkJCTxQcm9wZXJ0aWVzPgoJCQkJCQkJCTxBdXRvaW5jcmVtZW50IHZhbHVlPSIwIi8+CgkJCQkJCQkJPENoYXJzZXQgdmFsdWU9ImxhdGluMSIvPgoJCQkJCQkJCTxDb2xsYXRpb24gdmFsdWU9ImxhdGluMV9zd2VkaXNoX2NpIi8+CgkJCQkJCQkJPENvbW1lbnQgdmFsdWU9IiIvPgoJCQkJCQkJCTxEZWZhdWx0X1ZhbHVlIHZhbHVlPSIiLz4KCQkJCQkJCQk8RmllbGRfUG9zaXRpb24gdmFsdWU9IjMiLz4KCQkJCQkJCQk8SW5kZXhlZCB2YWx1ZT0iMCIvPgoJCQkJCQkJCTxMZW5ndGggdmFsdWU9IjI1NSIvPgoJCQkJCQkJCTxOYW1lIHZhbHVlPSJhZGRyZXNzIi8+CgkJCQkJCQkJPE51bGxhYmxlIHZhbHVlPSIwIi8+CgkJCQkJCQkJPE9uX1VwZGF0ZV9TZXRfQ3VycmVudCB2YWx1ZT0iMCIvPgoJCQkJCQkJCTxQcmVjaXNpb24gdmFsdWU9IjAiLz4KCQkJCQkJCQk8U2NhbGUgdmFsdWU9IjAiLz4KCQkJCQkJCQk8VHlwZSB2YWx1ZT0iVmFyQ2hhciIvPgoJCQkJCQkJCTxVbmlxdWUgdmFsdWU9IjAiLz4KCQkJCQkJCQk8VW5zaWduZWQgdmFsdWU9IjAiLz4KCQkJCQkJCQk8WmVyb2ZpbGwgdmFsdWU9IjAiLz4KCQkJCQkJCTwvUHJvcGVydGllcz4KCQkJCQkJCTxjb250cm9sIHZhbHVlPSIiLz4KCQkJCQkJCTxkZWxldGUgdmFsdWU9IjAiLz4KCQkJCQkJCTxuYW1lIHZhbHVlPSJhZGRyZXNzIi8+CgkJCQkJCTwvbzA+CgkJCQkJCTxvMT4KCQkJCQkJCTxDaGFuZ2VzIHZhbHVlPSIiLz4KCQkJCQkJCTxQcm9wZXJ0aWVzPgoJCQkJCQkJCTxBdXRvaW5jcmVtZW50IHZhbHVlPSIwIi8+CgkJCQkJCQkJPENoYXJzZXQgdmFsdWU9ImxhdGluMSIvPgoJCQkJCQkJCTxDb2xsYXRpb24gdmFsdWU9ImxhdGluMV9zd2VkaXNoX2NpIi8+CgkJCQkJCQkJPENvbW1lbnQgdmFsdWU9IiIvPgoJCQkJCQkJCTxEZWZhdWx0X1ZhbHVlIHZhbHVlPSIiLz4KCQkJCQkJCQk8RmllbGRfUG9zaXRpb24gdmFsdWU9IjEiLz4KCQkJCQkJCQk8SW5kZXhlZCB2YWx1ZT0iMCIvPgoJCQkJCQkJCTxMZW5ndGggdmFsdWU9IjIwIi8+CgkJCQkJCQkJPE5hbWUgdmFsdWU9ImV4Y2hhbmdlIi8+CgkJCQkJCQkJPE51bGxhYmxlIHZhbHVlPSIwIi8+CgkJCQkJCQkJPE9uX1VwZGF0ZV9TZXRfQ3VycmVudCB2YWx1ZT0iMCIvPgoJCQkJCQkJCTxQcmVjaXNpb24gdmFsdWU9IjAiLz4KCQkJCQkJCQk8U2NhbGUgdmFsdWU9IjAiLz4KCQkJCQkJCQk8VHlwZSB2YWx1ZT0iVmFyQ2hhciIvPgoJCQkJCQkJCTxVbmlxdWUgdmFsdWU9IjAiLz4KCQkJCQkJCQk8VW5zaWduZWQgdmFsdWU9IjAiLz4KCQkJCQkJCQk8WmVyb2ZpbGwgdmFsdWU9IjAiLz4KCQkJCQkJCTwvUHJvcGVydGllcz4KCQkJCQkJCTxjb250cm9sIHZhbHVlPSIiLz4KCQkJCQkJCTxkZWxldGUgdmFsdWU9IjAiLz4KCQkJCQkJCTxuYW1lIHZhbHVlPSJleGNoYW5nZSIvPgoJCQkJCQk8L28xPgoJCQkJCQk8bzI+CgkJCQkJCQk8Q2hhbmdlcyB2YWx1ZT0iIi8+CgkJCQkJCQk8UHJvcGVydGllcz4KCQkJCQkJCQk8QXV0b2luY3JlbWVudCB2YWx1ZT0iMCIvPgoJCQkJCQkJCTxDaGFyc2V0IHZhbHVlPSJsYXRpbjEiLz4KCQkJCQkJCQk8Q29sbGF0aW9uIHZhbHVlPSJsYXRpbjFfc3dlZGlzaF9jaSIvPgoJCQkJCQkJCTxDb21tZW50IHZhbHVlPSIiLz4KCQkJCQkJCQk8RGVmYXVsdF9WYWx1ZSB2YWx1ZT0iIi8+CgkJCQkJCQkJPEZpZWxkX1Bvc2l0aW9uIHZhbHVlPSI0Ii8+CgkJCQkJCQkJPEluZGV4ZWQgdmFsdWU9IjAiLz4KCQkJCQkJCQk8TGVuZ3RoIHZhbHVlPSIyMCIvPgoJCQkJCQkJCTxOYW1lIHZhbHVlPSJ0eXBlX21hcmtldCIvPgoJCQkJCQkJCTxOdWxsYWJsZSB2YWx1ZT0iMCIvPgoJCQkJCQkJCTxPbl9VcGRhdGVfU2V0X0N1cnJlbnQgdmFsdWU9IjAiLz4KCQkJCQkJCQk8UHJlY2lzaW9uIHZhbHVlPSIwIi8+CgkJCQkJCQkJPFNjYWxlIHZhbHVlPSIwIi8+CgkJCQkJCQkJPFR5cGUgdmFsdWU9IlZhckNoYXIiLz4KCQkJCQkJCQk8VW5pcXVlIHZhbHVlPSIwIi8+CgkJCQkJCQkJPFVuc2lnbmVkIHZhbHVlPSIwIi8+CgkJCQkJCQkJPFplcm9maWxsIHZhbHVlPSIwIi8+CgkJCQkJCQk8L1Byb3BlcnRpZXM+CgkJCQkJCQk8Y29udHJvbCB2YWx1ZT0iIi8+CgkJCQkJCQk8ZGVsZXRlIHZhbHVlPSIwIi8+CgkJCQkJCQk8bmFtZSB2YWx1ZT0idHlwZV9tYXJrZXQiLz4KCQkJCQkJPC9vMj4KCQkJCQkJPG8zPgoJCQkJCQkJPENoYW5nZXMgdmFsdWU9IiIvPgoJCQkJCQkJPFByb3BlcnRpZXM+CgkJCQkJCQkJPEF1dG9pbmNyZW1lbnQgdmFsdWU9IjAiLz4KCQkJCQkJCQk8Q2hhcnNldCB2YWx1ZT0ibGF0aW4xIi8+CgkJCQkJCQkJPENvbGxhdGlvbiB2YWx1ZT0ibGF0aW4xX3N3ZWRpc2hfY2kiLz4KCQkJCQkJCQk8Q29tbWVudCB2YWx1ZT0iIi8+CgkJCQkJCQkJPERlZmF1bHRfVmFsdWUgdmFsdWU9IiIvPgoJCQkJCQkJCTxGaWVsZF9Qb3NpdGlvbiB2YWx1ZT0iMiIvPgoJCQkJCQkJCTxJbmRleGVkIHZhbHVlPSIwIi8+CgkJCQkJCQkJPExlbmd0aCB2YWx1ZT0iMjAiLz4KCQkJCQkJCQk8TmFtZSB2YWx1ZT0idHlwZV90eXBlIi8+CgkJCQkJCQkJPE51bGxhYmxlIHZhbHVlPSIwIi8+CgkJCQkJCQkJPE9uX1VwZGF0ZV9TZXRfQ3VycmVudCB2YWx1ZT0iMCIvPgoJCQkJCQkJCTxQcmVjaXNpb24gdmFsdWU9IjAiLz4KCQkJCQkJCQk8U2NhbGUgdmFsdWU9IjAiLz4KCQkJCQkJCQk8VHlwZSB2YWx1ZT0iVmFyQ2hhciIvPgoJCQkJCQkJCTxVbmlxdWUgdmFsdWU9IjAiLz4KCQkJCQkJCQk8VW5zaWduZWQgdmFsdWU9IjAiLz4KCQkJCQkJCQk8WmVyb2ZpbGwgdmFsdWU9IjAiLz4KCQkJCQkJCTwvUHJvcGVydGllcz4KCQkJCQkJCTxjb250cm9sIHZhbHVlPSIiLz4KCQkJCQkJCTxkZWxldGUgdmFsdWU9IjAiLz4KCQkJCQkJCTxuYW1lIHZhbHVlPSJ0eXBlX3R5cGUiLz4KCQkJCQkJPC9vMz4KCQkJCQk8L2ZpZWxkPgoJCQkJCTxpbmRleD4KCQkJCQkJPG8wPgoJCQkJCQkJPENoYW5nZXMgdmFsdWU9IiIvPgoJCQkJCQkJPFByb3BlcnRpZXM+CgkJCQkJCQkJPENvbW1lbnQgdmFsdWU9IiIvPgoJCQkJCQkJCTxGaWVsZHMgdmFsdWU9ImRIbHdaVjkwZVhCbCBkSGx3WlY5dFlYSnJaWFE9Ii8+CgkJCQkJCQkJPE5hbWUgdmFsdWU9ImZrX2FwaV9hcGlfdHlwZSIvPgoJCQkJCQkJCTxUeXBlIHZhbHVlPSJCVFJFRSIvPgoJCQkJCQkJCTxVbmlxdWUgdmFsdWU9IjAiLz4KCQkJCQkJCTwvUHJvcGVydGllcz4KCQkJCQkJCTxjb250cm9sIHZhbHVlPSIiLz4KCQkJCQkJCTxkZWxldGUgdmFsdWU9IjAiLz4KCQkJCQkJCTxuYW1lIHZhbHVlPSJma19hcGlfYXBpX3R5cGUiLz4KCQkJCQkJPC9vMD4KCQkJCQkJPG8xPgoJCQkJCQkJPENoYW5nZXMgdmFsdWU9IiIvPgoJCQkJCQkJPFByb3BlcnRpZXM+CgkJCQkJCQkJPENvbW1lbnQgdmFsdWU9IiIvPgoJCQkJCQkJCTxGaWVsZHMgdmFsdWU9ImRIbHdaVjl0WVhKclpYUT0gZEhsd1pWOTBlWEJsIi8+CgkJCQkJCQkJPE5hbWUgdmFsdWU9ImZrX2FwaV90eXBlIi8+CgkJCQkJCQkJPFR5cGUgdmFsdWU9IkJUUkVFIi8+CgkJCQkJCQkJPFVuaXF1ZSB2YWx1ZT0iMCIvPgoJCQkJCQkJPC9Qcm9wZXJ0aWVzPgoJCQkJCQkJPGNvbnRyb2wgdmFsdWU9IiIvPgoJCQkJCQkJPGRlbGV0ZSB2YWx1ZT0iMCIvPgoJCQkJCQkJPG5hbWUgdmFsdWU9ImZrX2FwaV90eXBlIi8+CgkJCQkJCTwvbzE+CgkJCQkJCTxvMj4KCQkJCQkJCTxDaGFuZ2VzIHZhbHVlPSIiLz4KCQkJCQkJCTxQcm9wZXJ0aWVzPgoJCQkJCQkJCTxDb21tZW50IHZhbHVlPSIiLz4KCQkJCQkJCQk8RmllbGRzIHZhbHVlPSJaWGhqYUdGdVoyVT0gZEhsd1pWOTBlWEJsIGRIbHdaVjl0WVhKclpYUT0iLz4KCQkJCQkJCQk8TmFtZSB2YWx1ZT0iUFJJTUFSWSIvPgoJCQkJCQkJCTxUeXBlIHZhbHVlPSJCVFJFRSIvPgoJCQkJCQkJCTxVbmlxdWUgdmFsdWU9IjEiLz4KCQkJCQkJCTwvUHJvcGVydGllcz4KCQkJCQkJCTxjb250cm9sIHZhbHVlPSIiLz4KCQkJCQkJCTxkZWxldGUgdmFsdWU9IjAiLz4KCQkJCQkJCTxuYW1lIHZhbHVlPSJQUklNQVJZIi8+CgkJCQkJCTwvbzI+CgkJCQkJPC9pbmRleD4KCQkJCQk8bmFtZSB2YWx1ZT0iYXBpIi8+CgkJCQkJPHVuaXF1ZT4KCQkJCQkJPG8wPgoJCQkJCQkJPENoYW5nZXMgdmFsdWU9IiIvPgoJCQkJCQkJPFByb3BlcnRpZXM+CgkJCQkJCQkJPEZpZWxkcyB2YWx1ZT0iWlhoamFHRnVaMlU9IGRIbHdaVjkwZVhCbCBkSGx3WlY5dFlYSnJaWFE9Ii8+CgkJCQkJCQkJPE5hbWUgdmFsdWU9IlBSSU1BUlkiLz4KCQkJCQkJCTwvUHJvcGVydGllcz4KCQkJCQkJCTxjb250cm9sIHZhbHVlPSIiLz4KCQkJCQkJCTxkZWxldGUgdmFsdWU9IjAiLz4KCQkJCQkJCTxuYW1lIHZhbHVlPSJQUklNQVJZIi8+CgkJCQkJCTwvbzA+CgkJCQkJPC91bmlxdWU+CgkJCQk8L28xPgoJCQkJPG8yPgoJCQkJCTxDaGFuZ2VzIHZhbHVlPSIiLz4KCQkJCQk8UHJvcGVydGllcz4KCQkJCQkJPEF1dG9pbmNyZW1lbnQgdmFsdWU9IjAiLz4KCQkJCQkJPEF2ZXJhZ2VfUm93X1NpemUgdmFsdWU9IjE2MzgiLz4KCQkJCQkJPENoYXJzZXQgdmFsdWU9ImxhdGluMSIvPgoJCQkJCQk8Q29sbGF0aW9uIHZhbHVlPSJsYXRpbjFfc3dlZGlzaF9jaSIvPgoJCQkJCQk8Q29tbWVudCB2YWx1ZT0iIi8+CgkJCQkJCTxDcmVhdGVfVGltZSB2YWx1ZT0iMjAxNC0xMS0xMSAxNjo0MDo1NiIvPgoJCQkJCQk8RW5naW5lIHZhbHVlPSJJbm5vREIiLz4KCQkJCQkJPEZpZWxkX0NvdW50IHZhbHVlPSIyIi8+CgkJCQkJCTxJbmRleF9Db3VudCB2YWx1ZT0iMSIvPgoJCQkJCQk8TGlua19Db3VudCB2YWx1ZT0iMyIvPgoJCQkJCQk8TmFtZSB2YWx1ZT0iZmVlYXBpX3R5cGUiLz4KCQkJCQkJPFByaW1hcnlfS2V5IHZhbHVlPSJiV0Z5YTJWMCBkSGx3WlE9PSIvPgoJCQkJCQk8UmVjb3JkX0NvdW50IHZhbHVlPSIxMCIvPgoJCQkJCQk8U2l6ZSB2YWx1ZT0iMTYuMDAgS2IiLz4KCQkJCQkJPFRyaWdnZXJfQ291bnQgdmFsdWU9IjAiLz4KCQkJCQkJPFVuaXF1ZV9Db3VudCB2YWx1ZT0iMSIvPgoJCQkJCQk8VXBkYXRlX1RpbWUgdmFsdWU9IiIvPgoJCQkJCTwvUHJvcGVydGllcz4KCQkJCQk8Y29udHJvbCB2YWx1ZT0iVGFibGUyIi8+CgkJCQkJPGRlbGV0ZSB2YWx1ZT0iMCIvPgoJCQkJCTxmaWVsZD4KCQkJCQkJPG8wPgoJCQkJCQkJPENoYW5nZXMgdmFsdWU9IiIvPgoJCQkJCQkJPFByb3BlcnRpZXM+CgkJCQkJCQkJPEF1dG9pbmNyZW1lbnQgdmFsdWU9IjAiLz4KCQkJCQkJCQk8Q2hhcnNldCB2YWx1ZT0ibGF0aW4xIi8+CgkJCQkJCQkJPENvbGxhdGlvbiB2YWx1ZT0ibGF0aW4xX3N3ZWRpc2hfY2kiLz4KCQkJCQkJCQk8Q29tbWVudCB2YWx1ZT0iIi8+CgkJCQkJCQkJPERlZmF1bHRfVmFsdWUgdmFsdWU9IiIvPgoJCQkJCQkJCTxGaWVsZF9Qb3NpdGlvbiB2YWx1ZT0iMSIvPgoJCQkJCQkJCTxJbmRleGVkIHZhbHVlPSIwIi8+CgkJCQkJCQkJPExlbmd0aCB2YWx1ZT0iMjAiLz4KCQkJCQkJCQk8TmFtZSB2YWx1ZT0ibWFya2V0Ii8+CgkJCQkJCQkJPE51bGxhYmxlIHZhbHVlPSIwIi8+CgkJCQkJCQkJPE9uX1VwZGF0ZV9TZXRfQ3VycmVudCB2YWx1ZT0iMCIvPgoJCQkJCQkJCTxQcmVjaXNpb24gdmFsdWU9IjAiLz4KCQkJCQkJCQk8U2NhbGUgdmFsdWU9IjAiLz4KCQkJCQkJCQk8VHlwZSB2YWx1ZT0iVmFyQ2hhciIvPgoJCQkJCQkJCTxVbmlxdWUgdmFsdWU9IjAiLz4KCQkJCQkJCQk8VW5zaWduZWQgdmFsdWU9IjAiLz4KCQkJCQkJCQk8WmVyb2ZpbGwgdmFsdWU9IjAiLz4KCQkJCQkJCTwvUHJvcGVydGllcz4KCQkJCQkJCTxjb250cm9sIHZhbHVlPSIiLz4KCQkJCQkJCTxkZWxldGUgdmFsdWU9IjAiLz4KCQkJCQkJCTxuYW1lIHZhbHVlPSJtYXJrZXQiLz4KCQkJCQkJPC9vMD4KCQkJCQkJPG8xPgoJCQkJCQkJPENoYW5nZXMgdmFsdWU9IiIvPgoJCQkJCQkJPFByb3BlcnRpZXM+CgkJCQkJCQkJPEF1dG9pbmNyZW1lbnQgdmFsdWU9IjAiLz4KCQkJCQkJCQk8Q2hhcnNldCB2YWx1ZT0ibGF0aW4xIi8+CgkJCQkJCQkJPENvbGxhdGlvbiB2YWx1ZT0ibGF0aW4xX3N3ZWRpc2hfY2kiLz4KCQkJCQkJCQk8Q29tbWVudCB2YWx1ZT0iIi8+CgkJCQkJCQkJPERlZmF1bHRfVmFsdWUgdmFsdWU9IiIvPgoJCQkJCQkJCTxGaWVsZF9Qb3NpdGlvbiB2YWx1ZT0iMiIvPgoJCQkJCQkJCTxJbmRleGVkIHZhbHVlPSIwIi8+CgkJCQkJCQkJPExlbmd0aCB2YWx1ZT0iMjAiLz4KCQkJCQkJCQk8TmFtZSB2YWx1ZT0idHlwZSIvPgoJCQkJCQkJCTxOdWxsYWJsZSB2YWx1ZT0iMCIvPgoJCQkJCQkJCTxPbl9VcGRhdGVfU2V0X0N1cnJlbnQgdmFsdWU9IjAiLz4KCQkJCQkJCQk8UHJlY2lzaW9uIHZhbHVlPSIwIi8+CgkJCQkJCQkJPFNjYWxlIHZhbHVlPSIwIi8+CgkJCQkJCQkJPFR5cGUgdmFsdWU9IlZhckNoYXIiLz4KCQkJCQkJCQk8VW5pcXVlIHZhbHVlPSIwIi8+CgkJCQkJCQkJPFVuc2lnbmVkIHZhbHVlPSIwIi8+CgkJCQkJCQkJPFplcm9maWxsIHZhbHVlPSIwIi8+CgkJCQkJCQk8L1Byb3BlcnRpZXM+CgkJCQkJCQk8Y29udHJvbCB2YWx1ZT0iIi8+CgkJCQkJCQk8ZGVsZXRlIHZhbHVlPSIwIi8+CgkJCQkJCQk8bmFtZSB2YWx1ZT0idHlwZSIvPgoJCQkJCQk8L28xPgoJCQkJCTwvZmllbGQ+CgkJCQkJPGluZGV4PgoJCQkJCQk8bzA+CgkJCQkJCQk8Q2hhbmdlcyB2YWx1ZT0iIi8+CgkJCQkJCQk8UHJvcGVydGllcz4KCQkJCQkJCQk8Q29tbWVudCB2YWx1ZT0iIi8+CgkJCQkJCQkJPEZpZWxkcyB2YWx1ZT0iYldGeWEyVjAgZEhsd1pRPT0iLz4KCQkJCQkJCQk8TmFtZSB2YWx1ZT0iUFJJTUFSWSIvPgoJCQkJCQkJCTxUeXBlIHZhbHVlPSJCVFJFRSIvPgoJCQkJCQkJCTxVbmlxdWUgdmFsdWU9IjEiLz4KCQkJCQkJCTwvUHJvcGVydGllcz4KCQkJCQkJCTxjb250cm9sIHZhbHVlPSIiLz4KCQkJCQkJCTxkZWxldGUgdmFsdWU9IjAiLz4KCQkJCQkJCTxuYW1lIHZhbHVlPSJQUklNQVJZIi8+CgkJCQkJCTwvbzA+CgkJCQkJPC9pbmRleD4KCQkJCQk8bmFtZSB2YWx1ZT0iZmVlYXBpX3R5cGUiLz4KCQkJCQk8dW5pcXVlPgoJCQkJCQk8bzA+CgkJCQkJCQk8Q2hhbmdlcyB2YWx1ZT0iIi8+CgkJCQkJCQk8UHJvcGVydGllcz4KCQkJCQkJCQk8RmllbGRzIHZhbHVlPSJiV0Z5YTJWMCBkSGx3WlE9PSIvPgoJCQkJCQkJCTxOYW1lIHZhbHVlPSJQUklNQVJZIi8+CgkJCQkJCQk8L1Byb3BlcnRpZXM+CgkJCQkJCQk8Y29udHJvbCB2YWx1ZT0iIi8+CgkJCQkJCQk8ZGVsZXRlIHZhbHVlPSIwIi8+CgkJCQkJCQk8bmFtZSB2YWx1ZT0iUFJJTUFSWSIvPgoJCQkJCQk8L28wPgoJCQkJCTwvdW5pcXVlPgoJCQkJPC9vMj4KCQkJCTxvMz4KCQkJCQk8Q2hhbmdlcyB2YWx1ZT0iIi8+CgkJCQkJPFByb3BlcnRpZXM+CgkJCQkJCTxBdXRvaW5jcmVtZW50IHZhbHVlPSIwIi8+CgkJCQkJCTxBdmVyYWdlX1Jvd19TaXplIHZhbHVlPSIxMDMiLz4KCQkJCQkJPENoYXJzZXQgdmFsdWU9ImxhdGluMSIvPgoJCQkJCQk8Q29sbGF0aW9uIHZhbHVlPSJsYXRpbjFfc3dlZGlzaF9jaSIvPgoJCQkJCQk8Q29tbWVudCB2YWx1ZT0iIi8+CgkJCQkJCTxDcmVhdGVfVGltZSB2YWx1ZT0iMjAxNC0xMS0xMSAxNjo0MDo1NiIvPgoJCQkJCQk8RW5naW5lIHZhbHVlPSJJbm5vREIiLz4KCQkJCQkJPEZpZWxkX0NvdW50IHZhbHVlPSIyIi8+CgkJCQkJCTxJbmRleF9Db3VudCB2YWx1ZT0iMSIvPgoJCQkJCQk8TGlua19Db3VudCB2YWx1ZT0iMSIvPgoJCQkJCQk8TmFtZSB2YWx1ZT0ibWFya2V0Ii8+CgkJCQkJCTxQcmltYXJ5X0tleSB2YWx1ZT0iWTI5a1pRPT0iLz4KCQkJCQkJPFJlY29yZF9Db3VudCB2YWx1ZT0iMTU4Ii8+CgkJCQkJCTxTaXplIHZhbHVlPSIxNi4wMCBLYiIvPgoJCQkJCQk8VHJpZ2dlcl9Db3VudCB2YWx1ZT0iMCIvPgoJCQkJCQk8VW5pcXVlX0NvdW50IHZhbHVlPSIxIi8+CgkJCQkJCTxVcGRhdGVfVGltZSB2YWx1ZT0iIi8+CgkJCQkJPC9Qcm9wZXJ0aWVzPgoJCQkJCTxjb250cm9sIHZhbHVlPSJUYWJsZTMiLz4KCQkJCQk8ZGVsZXRlIHZhbHVlPSIwIi8+CgkJCQkJPGZpZWxkPgoJCQkJCQk8bzA+CgkJCQkJCQk8Q2hhbmdlcyB2YWx1ZT0iIi8+CgkJCQkJCQk8UHJvcGVydGllcz4KCQkJCQkJCQk8QXV0b2luY3JlbWVudCB2YWx1ZT0iMCIvPgoJCQkJCQkJCTxDaGFyc2V0IHZhbHVlPSJsYXRpbjEiLz4KCQkJCQkJCQk8Q29sbGF0aW9uIHZhbHVlPSJsYXRpbjFfc3dlZGlzaF9jaSIvPgoJCQkJCQkJCTxDb21tZW50IHZhbHVlPSIiLz4KCQkJCQkJCQk8RGVmYXVsdF9WYWx1ZSB2YWx1ZT0iIi8+CgkJCQkJCQkJPEZpZWxkX1Bvc2l0aW9uIHZhbHVlPSIxIi8+CgkJCQkJCQkJPEluZGV4ZWQgdmFsdWU9IjEiLz4KCQkJCQkJCQk8TGVuZ3RoIHZhbHVlPSIyMCIvPgoJCQkJCQkJCTxOYW1lIHZhbHVlPSJjb2RlIi8+CgkJCQkJCQkJPE51bGxhYmxlIHZhbHVlPSIwIi8+CgkJCQkJCQkJPE9uX1VwZGF0ZV9TZXRfQ3VycmVudCB2YWx1ZT0iMCIvPgoJCQkJCQkJCTxQcmVjaXNpb24gdmFsdWU9IjAiLz4KCQkJCQkJCQk8U2NhbGUgdmFsdWU9IjAiLz4KCQkJCQkJCQk8VHlwZSB2YWx1ZT0iVmFyQ2hhciIvPgoJCQkJCQkJCTxVbmlxdWUgdmFsdWU9IjEiLz4KCQkJCQkJCQk8VW5zaWduZWQgdmFsdWU9IjAiLz4KCQkJCQkJCQk8WmVyb2ZpbGwgdmFsdWU9IjAiLz4KCQkJCQkJCTwvUHJvcGVydGllcz4KCQkJCQkJCTxjb250cm9sIHZhbHVlPSIiLz4KCQkJCQkJCTxkZWxldGUgdmFsdWU9IjAiLz4KCQkJCQkJCTxuYW1lIHZhbHVlPSJjb2RlIi8+CgkJCQkJCTwvbzA+CgkJCQkJCTxvMT4KCQkJCQkJCTxDaGFuZ2VzIHZhbHVlPSIiLz4KCQkJCQkJCTxQcm9wZXJ0aWVzPgoJCQkJCQkJCTxBdXRvaW5jcmVtZW50IHZhbHVlPSIwIi8+CgkJCQkJCQkJPENoYXJzZXQgdmFsdWU9ImxhdGluMSIvPgoJCQkJCQkJCTxDb2xsYXRpb24gdmFsdWU9ImxhdGluMV9zd2VkaXNoX2NpIi8+CgkJCQkJCQkJPENvbW1lbnQgdmFsdWU9IiIvPgoJCQkJCQkJCTxEZWZhdWx0X1ZhbHVlIHZhbHVlPSIiLz4KCQkJCQkJCQk8RmllbGRfUG9zaXRpb24gdmFsdWU9IjIiLz4KCQkJCQkJCQk8SW5kZXhlZCB2YWx1ZT0iMCIvPgoJCQkJCQkJCTxMZW5ndGggdmFsdWU9IjI1NSIvPgoJCQkJCQkJCTxOYW1lIHZhbHVlPSJkZXNjcmlwdGlvbiIvPgoJCQkJCQkJCTxOdWxsYWJsZSB2YWx1ZT0iMSIvPgoJCQkJCQkJCTxPbl9VcGRhdGVfU2V0X0N1cnJlbnQgdmFsdWU9IjAiLz4KCQkJCQkJCQk8UHJlY2lzaW9uIHZhbHVlPSIwIi8+CgkJCQkJCQkJPFNjYWxlIHZhbHVlPSIwIi8+CgkJCQkJCQkJPFR5cGUgdmFsdWU9IlZhckNoYXIiLz4KCQkJCQkJCQk8VW5pcXVlIHZhbHVlPSIwIi8+CgkJCQkJCQkJPFVuc2lnbmVkIHZhbHVlPSIwIi8+CgkJCQkJCQkJPFplcm9maWxsIHZhbHVlPSIwIi8+CgkJCQkJCQk8L1Byb3BlcnRpZXM+CgkJCQkJCQk8Y29udHJvbCB2YWx1ZT0iIi8+CgkJCQkJCQk8ZGVsZXRlIHZhbHVlPSIwIi8+CgkJCQkJCQk8bmFtZSB2YWx1ZT0iZGVzY3JpcHRpb24iLz4KCQkJCQkJPC9vMT4KCQkJCQk8L2ZpZWxkPgoJCQkJCTxpbmRleD4KCQkJCQkJPG8wPgoJCQkJCQkJPENoYW5nZXMgdmFsdWU9IiIvPgoJCQkJCQkJPFByb3BlcnRpZXM+CgkJCQkJCQkJPENvbW1lbnQgdmFsdWU9IiIvPgoJCQkJCQkJCTxGaWVsZHMgdmFsdWU9IlkyOWtaUT09Ii8+CgkJCQkJCQkJPE5hbWUgdmFsdWU9IlBSSU1BUlkiLz4KCQkJCQkJCQk8VHlwZSB2YWx1ZT0iQlRSRUUiLz4KCQkJCQkJCQk8VW5pcXVlIHZhbHVlPSIxIi8+CgkJCQkJCQk8L1Byb3BlcnRpZXM+CgkJCQkJCQk8Y29udHJvbCB2YWx1ZT0iIi8+CgkJCQkJCQk8ZGVsZXRlIHZhbHVlPSIwIi8+CgkJCQkJCQk8bmFtZSB2YWx1ZT0iUFJJTUFSWSIvPgoJCQkJCQk8L28wPgoJCQkJCTwvaW5kZXg+CgkJCQkJPG5hbWUgdmFsdWU9Im1hcmtldCIvPgoJCQkJCTx1bmlxdWU+CgkJCQkJCTxvMD4KCQkJCQkJCTxDaGFuZ2VzIHZhbHVlPSIiLz4KCQkJCQkJCTxQcm9wZXJ0aWVzPgoJCQkJCQkJCTxGaWVsZHMgdmFsdWU9IlkyOWtaUT09Ii8+CgkJCQkJCQkJPE5hbWUgdmFsdWU9IlBSSU1BUlkiLz4KCQkJCQkJCTwvUHJvcGVydGllcz4KCQkJCQkJCTxjb250cm9sIHZhbHVlPSIiLz4KCQkJCQkJCTxkZWxldGUgdmFsdWU9IjAiLz4KCQkJCQkJCTxuYW1lIHZhbHVlPSJQUklNQVJZIi8+CgkJCQkJCTwvbzA+CgkJCQkJPC91bmlxdWU+CgkJCQk8L28zPgoJCQkJPG80PgoJCQkJCTxDaGFuZ2VzIHZhbHVlPSIiLz4KCQkJCQk8UHJvcGVydGllcz4KCQkJCQkJPEF1dG9pbmNyZW1lbnQgdmFsdWU9IjAiLz4KCQkJCQkJPEF2ZXJhZ2VfUm93X1NpemUgdmFsdWU9IjE2Mzg0Ii8+CgkJCQkJCTxDaGFyc2V0IHZhbHVlPSJsYXRpbjEiLz4KCQkJCQkJPENvbGxhdGlvbiB2YWx1ZT0ibGF0aW4xX3N3ZWRpc2hfY2kiLz4KCQkJCQkJPENvbW1lbnQgdmFsdWU9IiIvPgoJCQkJCQk8Q3JlYXRlX1RpbWUgdmFsdWU9IjIwMTQtMTEtMTEgMTY6NDA6NTYiLz4KCQkJCQkJPEVuZ2luZSB2YWx1ZT0iSW5ub0RCIi8+CgkJCQkJCTxGaWVsZF9Db3VudCB2YWx1ZT0iNSIvPgoJCQkJCQk8SW5kZXhfQ291bnQgdmFsdWU9IjMiLz4KCQkJCQkJPExpbmtfQ291bnQgdmFsdWU9IjIiLz4KCQkJCQkJPE5hbWUgdmFsdWU9ImZlZSIvPgoJCQkJCQk8UHJpbWFyeV9LZXkgdmFsdWU9IlpYaGphR0Z1WjJVPSBkSGx3WlY5MGVYQmwgZEhsd1pWOXRZWEpyWlhRPSIvPgoJCQkJCQk8UmVjb3JkX0NvdW50IHZhbHVlPSIxIi8+CgkJCQkJCTxTaXplIHZhbHVlPSI0OC4wMCBLYiIvPgoJCQkJCQk8VHJpZ2dlcl9Db3VudCB2YWx1ZT0iMCIvPgoJCQkJCQk8VW5pcXVlX0NvdW50IHZhbHVlPSIxIi8+CgkJCQkJCTxVcGRhdGVfVGltZSB2YWx1ZT0iIi8+CgkJCQkJPC9Qcm9wZXJ0aWVzPgoJCQkJCTxjb250cm9sIHZhbHVlPSJUYWJsZTQiLz4KCQkJCQk8ZGVsZXRlIHZhbHVlPSIwIi8+CgkJCQkJPGZpZWxkPgoJCQkJCQk8bzA+CgkJCQkJCQk8Q2hhbmdlcyB2YWx1ZT0iIi8+CgkJCQkJCQk8UHJvcGVydGllcz4KCQkJCQkJCQk8QXV0b2luY3JlbWVudCB2YWx1ZT0iMCIvPgoJCQkJCQkJCTxDaGFyc2V0IHZhbHVlPSJsYXRpbjEiLz4KCQkJCQkJCQk8Q29sbGF0aW9uIHZhbHVlPSJsYXRpbjFfc3dlZGlzaF9jaSIvPgoJCQkJCQkJCTxDb21tZW50IHZhbHVlPSIiLz4KCQkJCQkJCQk8RGVmYXVsdF9WYWx1ZSB2YWx1ZT0iIi8+CgkJCQkJCQkJPEZpZWxkX1Bvc2l0aW9uIHZhbHVlPSI0Ii8+CgkJCQkJCQkJPEluZGV4ZWQgdmFsdWU9IjAiLz4KCQkJCQkJCQk8TGVuZ3RoIHZhbHVlPSIyMCIvPgoJCQkJCQkJCTxOYW1lIHZhbHVlPSJleGNoYW5nZSIvPgoJCQkJCQkJCTxOdWxsYWJsZSB2YWx1ZT0iMCIvPgoJCQkJCQkJCTxPbl9VcGRhdGVfU2V0X0N1cnJlbnQgdmFsdWU9IjAiLz4KCQkJCQkJCQk8UHJlY2lzaW9uIHZhbHVlPSIwIi8+CgkJCQkJCQkJPFNjYWxlIHZhbHVlPSIwIi8+CgkJCQkJCQkJPFR5cGUgdmFsdWU9IlZhckNoYXIiLz4KCQkJCQkJCQk8VW5pcXVlIHZhbHVlPSIwIi8+CgkJCQkJCQkJPFVuc2lnbmVkIHZhbHVlPSIwIi8+CgkJCQkJCQkJPFplcm9maWxsIHZhbHVlPSIwIi8+CgkJCQkJCQk8L1Byb3BlcnRpZXM+CgkJCQkJCQk8Y29udHJvbCB2YWx1ZT0iIi8+CgkJCQkJCQk8ZGVsZXRlIHZhbHVlPSIwIi8+CgkJCQkJCQk8bmFtZSB2YWx1ZT0iZXhjaGFuZ2UiLz4KCQkJCQkJPC9vMD4KCQkJCQkJPG8xPgoJCQkJCQkJPENoYW5nZXMgdmFsdWU9IiIvPgoJCQkJCQkJPFByb3BlcnRpZXM+CgkJCQkJCQkJPEF1dG9pbmNyZW1lbnQgdmFsdWU9IjAiLz4KCQkJCQkJCQk8Q2hhcnNldCB2YWx1ZT0ibGF0aW4xIi8+CgkJCQkJCQkJPENvbGxhdGlvbiB2YWx1ZT0ibGF0aW4xX3N3ZWRpc2hfY2kiLz4KCQkJCQkJCQk8Q29tbWVudCB2YWx1ZT0iIi8+CgkJCQkJCQkJPERlZmF1bHRfVmFsdWUgdmFsdWU9IiIvPgoJCQkJCQkJCTxGaWVsZF9Qb3NpdGlvbiB2YWx1ZT0iNSIvPgoJCQkJCQkJCTxJbmRleGVkIHZhbHVlPSIwIi8+CgkJCQkJCQkJPExlbmd0aCB2YWx1ZT0iMjAiLz4KCQkJCQkJCQk8TmFtZSB2YWx1ZT0idHlwZV9tYXJrZXQiLz4KCQkJCQkJCQk8TnVsbGFibGUgdmFsdWU9IjAiLz4KCQkJCQkJCQk8T25fVXBkYXRlX1NldF9DdXJyZW50IHZhbHVlPSIwIi8+CgkJCQkJCQkJPFByZWNpc2lvbiB2YWx1ZT0iMCIvPgoJCQkJCQkJCTxTY2FsZSB2YWx1ZT0iMCIvPgoJCQkJCQkJCTxUeXBlIHZhbHVlPSJWYXJDaGFyIi8+CgkJCQkJCQkJPFVuaXF1ZSB2YWx1ZT0iMCIvPgoJCQkJCQkJCTxVbnNpZ25lZCB2YWx1ZT0iMCIvPgoJCQkJCQkJCTxaZXJvZmlsbCB2YWx1ZT0iMCIvPgoJCQkJCQkJPC9Qcm9wZXJ0aWVzPgoJCQkJCQkJPGNvbnRyb2wgdmFsdWU9IiIvPgoJCQkJCQkJPGRlbGV0ZSB2YWx1ZT0iMCIvPgoJCQkJCQkJPG5hbWUgdmFsdWU9InR5cGVfbWFya2V0Ii8+CgkJCQkJCTwvbzE+CgkJCQkJCTxvMj4KCQkJCQkJCTxDaGFuZ2VzIHZhbHVlPSIiLz4KCQkJCQkJCTxQcm9wZXJ0aWVzPgoJCQkJCQkJCTxBdXRvaW5jcmVtZW50IHZhbHVlPSIwIi8+CgkJCQkJCQkJPENoYXJzZXQgdmFsdWU9ImxhdGluMSIvPgoJCQkJCQkJCTxDb2xsYXRpb24gdmFsdWU9ImxhdGluMV9zd2VkaXNoX2NpIi8+CgkJCQkJCQkJPENvbW1lbnQgdmFsdWU9IiIvPgoJCQkJCQkJCTxEZWZhdWx0X1ZhbHVlIHZhbHVlPSIiLz4KCQkJCQkJCQk8RmllbGRfUG9zaXRpb24gdmFsdWU9IjEiLz4KCQkJCQkJCQk8SW5kZXhlZCB2YWx1ZT0iMCIvPgoJCQkJCQkJCTxMZW5ndGggdmFsdWU9IjIwIi8+CgkJCQkJCQkJPE5hbWUgdmFsdWU9InR5cGVfdHlwZSIvPgoJCQkJCQkJCTxOdWxsYWJsZSB2YWx1ZT0iMCIvPgoJCQkJCQkJCTxPbl9VcGRhdGVfU2V0X0N1cnJlbnQgdmFsdWU9IjAiLz4KCQkJCQkJCQk8UHJlY2lzaW9uIHZhbHVlPSIwIi8+CgkJCQkJCQkJPFNjYWxlIHZhbHVlPSIwIi8+CgkJCQkJCQkJPFR5cGUgdmFsdWU9IlZhckNoYXIiLz4KCQkJCQkJCQk8VW5pcXVlIHZhbHVlPSIwIi8+CgkJCQkJCQkJPFVuc2lnbmVkIHZhbHVlPSIwIi8+CgkJCQkJCQkJPFplcm9maWxsIHZhbHVlPSIwIi8+CgkJCQkJCQk8L1Byb3BlcnRpZXM+CgkJCQkJCQk8Y29udHJvbCB2YWx1ZT0iIi8+CgkJCQkJCQk8ZGVsZXRlIHZhbHVlPSIwIi8+CgkJCQkJCQk8bmFtZSB2YWx1ZT0idHlwZV90eXBlIi8+CgkJCQkJCTwvbzI+CgkJCQkJCTxvMz4KCQkJCQkJCTxDaGFuZ2VzIHZhbHVlPSIiLz4KCQkJCQkJCTxQcm9wZXJ0aWVzPgoJCQkJCQkJCTxBdXRvaW5jcmVtZW50IHZhbHVlPSIwIi8+CgkJCQkJCQkJPENoYXJzZXQgdmFsdWU9ImxhdGluMSIvPgoJCQkJCQkJCTxDb2xsYXRpb24gdmFsdWU9ImxhdGluMV9zd2VkaXNoX2NpIi8+CgkJCQkJCQkJPENvbW1lbnQgdmFsdWU9IiIvPgoJCQkJCQkJCTxEZWZhdWx0X1ZhbHVlIHZhbHVlPSIiLz4KCQkJCQkJCQk8RmllbGRfUG9zaXRpb24gdmFsdWU9IjMiLz4KCQkJCQkJCQk8SW5kZXhlZCB2YWx1ZT0iMCIvPgoJCQkJCQkJCTxMZW5ndGggdmFsdWU9IjIwIi8+CgkJCQkJCQkJPE5hbWUgdmFsdWU9InVuaXQiLz4KCQkJCQkJCQk8TnVsbGFibGUgdmFsdWU9IjAiLz4KCQkJCQkJCQk8T25fVXBkYXRlX1NldF9DdXJyZW50IHZhbHVlPSIwIi8+CgkJCQkJCQkJPFByZWNpc2lvbiB2YWx1ZT0iMCIvPgoJCQkJCQkJCTxTY2FsZSB2YWx1ZT0iMCIvPgoJCQkJCQkJCTxUeXBlIHZhbHVlPSJWYXJDaGFyIi8+CgkJCQkJCQkJPFVuaXF1ZSB2YWx1ZT0iMCIvPgoJCQkJCQkJCTxVbnNpZ25lZCB2YWx1ZT0iMCIvPgoJCQkJCQkJCTxaZXJvZmlsbCB2YWx1ZT0iMCIvPgoJCQkJCQkJPC9Qcm9wZXJ0aWVzPgoJCQkJCQkJPGNvbnRyb2wgdmFsdWU9IiIvPgoJCQkJCQkJPGRlbGV0ZSB2YWx1ZT0iMCIvPgoJCQkJCQkJPG5hbWUgdmFsdWU9InVuaXQiLz4KCQkJCQkJPC9vMz4KCQkJCQkJPG80PgoJCQkJCQkJPENoYW5nZXMgdmFsdWU9IiIvPgoJCQkJCQkJPFByb3BlcnRpZXM+CgkJCQkJCQkJPEF1dG9pbmNyZW1lbnQgdmFsdWU9IjAiLz4KCQkJCQkJCQk8Q2hhcnNldCB2YWx1ZT0ibGF0aW4xIi8+CgkJCQkJCQkJPENvbGxhdGlvbiB2YWx1ZT0ibGF0aW4xX3N3ZWRpc2hfY2kiLz4KCQkJCQkJCQk8Q29tbWVudCB2YWx1ZT0iIi8+CgkJCQkJCQkJPERlZmF1bHRfVmFsdWUgdmFsdWU9IiIvPgoJCQkJCQkJCTxGaWVsZF9Qb3NpdGlvbiB2YWx1ZT0iMiIvPgoJCQkJCQkJCTxJbmRleGVkIHZhbHVlPSIwIi8+CgkJCQkJCQkJPExlbmd0aCB2YWx1ZT0iMjAiLz4KCQkJCQkJCQk8TmFtZSB2YWx1ZT0idmFsdWUiLz4KCQkJCQkJCQk8TnVsbGFibGUgdmFsdWU9IjAiLz4KCQkJCQkJCQk8T25fVXBkYXRlX1NldF9DdXJyZW50IHZhbHVlPSIwIi8+CgkJCQkJCQkJPFByZWNpc2lvbiB2YWx1ZT0iMCIvPgoJCQkJCQkJCTxTY2FsZSB2YWx1ZT0iMCIvPgoJCQkJCQkJCTxUeXBlIHZhbHVlPSJWYXJDaGFyIi8+CgkJCQkJCQkJPFVuaXF1ZSB2YWx1ZT0iMCIvPgoJCQkJCQkJCTxVbnNpZ25lZCB2YWx1ZT0iMCIvPgoJCQkJCQkJCTxaZXJvZmlsbCB2YWx1ZT0iMCIvPgoJCQkJCQkJPC9Qcm9wZXJ0aWVzPgoJCQkJCQkJPGNvbnRyb2wgdmFsdWU9IiIvPgoJCQkJCQkJPGRlbGV0ZSB2YWx1ZT0iMCIvPgoJCQkJCQkJPG5hbWUgdmFsdWU9InZhbHVlIi8+CgkJCQkJCTwvbzQ+CgkJCQkJPC9maWVsZD4KCQkJCQk8aW5kZXg+CgkJCQkJCTxvMD4KCQkJCQkJCTxDaGFuZ2VzIHZhbHVlPSIiLz4KCQkJCQkJCTxQcm9wZXJ0aWVzPgoJCQkJCQkJCTxDb21tZW50IHZhbHVlPSIiLz4KCQkJCQkJCQk8RmllbGRzIHZhbHVlPSJkSGx3WlY5MGVYQmwgZEhsd1pWOXRZWEpyWlhRPSIvPgoJCQkJCQkJCTxOYW1lIHZhbHVlPSJma19mZWVfZmVlX3R5cGUiLz4KCQkJCQkJCQk8VHlwZSB2YWx1ZT0iQlRSRUUiLz4KCQkJCQkJCQk8VW5pcXVlIHZhbHVlPSIwIi8+CgkJCQkJCQk8L1Byb3BlcnRpZXM+CgkJCQkJCQk8Y29udHJvbCB2YWx1ZT0iIi8+CgkJCQkJCQk8ZGVsZXRlIHZhbHVlPSIwIi8+CgkJCQkJCQk8bmFtZSB2YWx1ZT0iZmtfZmVlX2ZlZV90eXBlIi8+CgkJCQkJCTwvbzA+CgkJCQkJCTxvMT4KCQkJCQkJCTxDaGFuZ2VzIHZhbHVlPSIiLz4KCQkJCQkJCTxQcm9wZXJ0aWVzPgoJCQkJCQkJCTxDb21tZW50IHZhbHVlPSIiLz4KCQkJCQkJCQk8RmllbGRzIHZhbHVlPSJkSGx3WlY5dFlYSnJaWFE9IGRIbHdaVjkwZVhCbCIvPgoJCQkJCQkJCTxOYW1lIHZhbHVlPSJma19mZWVfdHlwZSIvPgoJCQkJCQkJCTxUeXBlIHZhbHVlPSJCVFJFRSIvPgoJCQkJCQkJCTxVbmlxdWUgdmFsdWU9IjAiLz4KCQkJCQkJCTwvUHJvcGVydGllcz4KCQkJCQkJCTxjb250cm9sIHZhbHVlPSIiLz4KCQkJCQkJCTxkZWxldGUgdmFsdWU9IjAiLz4KCQkJCQkJCTxuYW1lIHZhbHVlPSJma19mZWVfdHlwZSIvPgoJCQkJCQk8L28xPgoJCQkJCQk8bzI+CgkJCQkJCQk8Q2hhbmdlcyB2YWx1ZT0iIi8+CgkJCQkJCQk8UHJvcGVydGllcz4KCQkJCQkJCQk8Q29tbWVudCB2YWx1ZT0iIi8+CgkJCQkJCQkJPEZpZWxkcyB2YWx1ZT0iWlhoamFHRnVaMlU9IGRIbHdaVjkwZVhCbCBkSGx3WlY5dFlYSnJaWFE9Ii8+CgkJCQkJCQkJPE5hbWUgdmFsdWU9IlBSSU1BUlkiLz4KCQkJCQkJCQk8VHlwZSB2YWx1ZT0iQlRSRUUiLz4KCQkJCQkJCQk8VW5pcXVlIHZhbHVlPSIxIi8+CgkJCQkJCQk8L1Byb3BlcnRpZXM+CgkJCQkJCQk8Y29udHJvbCB2YWx1ZT0iIi8+CgkJCQkJCQk8ZGVsZXRlIHZhbHVlPSIwIi8+CgkJCQkJCQk8bmFtZSB2YWx1ZT0iUFJJTUFSWSIvPgoJCQkJCQk8L28yPgoJCQkJCTwvaW5kZXg+CgkJCQkJPG5hbWUgdmFsdWU9ImZlZSIvPgoJCQkJCTx1bmlxdWU+CgkJCQkJCTxvMD4KCQkJCQkJCTxDaGFuZ2VzIHZhbHVlPSIiLz4KCQkJCQkJCTxQcm9wZXJ0aWVzPgoJCQkJCQkJCTxGaWVsZHMgdmFsdWU9IlpYaGphR0Z1WjJVPSBkSGx3WlY5MGVYQmwgZEhsd1pWOXRZWEpyWlhRPSIvPgoJCQkJCQkJCTxOYW1lIHZhbHVlPSJQUklNQVJZIi8+CgkJCQkJCQk8L1Byb3BlcnRpZXM+CgkJCQkJCQk8Y29udHJvbCB2YWx1ZT0iIi8+CgkJCQkJCQk8ZGVsZXRlIHZhbHVlPSIwIi8+CgkJCQkJCQk8bmFtZSB2YWx1ZT0iUFJJTUFSWSIvPgoJCQkJCQk8L28wPgoJCQkJCTwvdW5pcXVlPgoJCQkJPC9vND4KCQkJPC90YWJsZT4KCQk8L2JpdGNvaW5fYW5hbHl0aWNzPgoJPC9Nb2RlbD4KPC9wcm9wZXJ0aWVzPgoK',NULL,'iVBORw0KGgoAAAANSUhEUgAAAJUAAABwCAIAAACYSaUpAAAABmJLR0QA/wD/AP+gvaeTAAAgAElEQVR4nO19WZBcx5Xdzbcvta9d1Tsa+9bYSMIgAUKQOKJISgoNRQXDYU9Y8kRMOByKcNj+8Z8/HEH7cz4cjvmwbCtMhcayxhGkyRlao5EobgCxkNjRaPTeXdW1dC2v3ppvSX8kUGwB1UCjF6AB9vmqqvfqZr68L+/Jm5n3Jmo0GqIowh+jWi1blgOPEBzPdmVzCKFHWehDwbatanWBEPK4KwIAgBBKJOIsyyHLsiRJWnztwqWPrhf/R+ADALAsUiPcI6iQ6/qq98J3Tv3ZIyhrBfB977//zb9VYobnEgBQwyzLMY+3SpVZ9P2T/76DbhbqhXxvxNf32LaFWCOZX7hyvpzMqNG4EAREVnmWXcteMnqt4tju7uHcxKUJ3/dZll1D4WsF1/UEtRUNDQZuLByN2sGFaIJvNR2OZwCQ5/qFaT3fF2IYxLCMY3uKytuWJwgsYpAoreUTmTq+ebXcMxBP9/gzM7NL9C0ELa3pYocTHQC4da1x42LD0kmtanzze/17jyTXsEJqSMDYY1gEQDaIdVoK2HGw2QJC+DC0Gviv/uPl/q1hjmdsyw/F2AufliRJrJZbvkfiaUmrO6LI9wxGT323Zw3rIKu83nIiMam+YBBCOuuPYRDiNQa5jOADwIvfGeR5pllzAVAsucbmNN8X7eqJrK3MdQIrOIwfEM5neVDDwo/+fK8oMRyHTMNXQgxC4GLw/YDnUaPmjt9oHnkhA2tN6AihY6e2MMxtuR2U4VioNi4BuADgY3bqGgvAAwCABADVWaiucZVuQ1vYiJazjfkJTtjCA4CJLVNTFgAAeBvfvqovGu25AAIDO3fH9RoAgL6wLvWplvmevZ30l4r1vXb0R/NT/0CIlBs4tvhSvV6PRCLLpKhKxeA4NhTieZ4FgGvXKorC9/ZGKX36fjA52TRNHI1KgsAGAbnMfEoI2bAU+M1/9BcHDx0qN51s9KvhuuM4hJD2ALBWq9HPiqIsR6ZhYABwHD+RkAFgbq7lun44LCaTMr1haqqhaU4sJruubxhuV1cIgLRaOBwWLataqVSWNIZWfaRuRnMDx955551kMnnp0qWdO3d6ntdqtWRZbjQaGON8Pj8zM+N53o9//GOe5++SUKtZFy+WurpCjYaNEHR1hTTNuXChKMtco2H39ERUVWg07HrdZhjE80yxWPzpT3+6e/fuZ5999iHadQnoun7y5EmOW0tr//srCx9NeG8eUpISfvvttwcHB23bfu6551RVffvtt/fs2VMul03T5Hk+Ho9LklQsFnO53MDAwLZt2zoKFEXu5z+/uHdvZmysFolIHIdOndry1399RZI41/VDITGdVhgGBYFZq1miyDEMFIu64/iTk/XXXuuCjvaTgpW2J9QkABw5cgRj3N3dzfO8ZVnRaFTX9SAIZFkeHx/fvXu3qqodm2nbtqQochzHeF4QjUqFgqaqwtBQQtdxEJBEQrpxo6qqfFdXWBTZYlGPxWJvvfUWx3HhcHj1bX3hwgXP89ZWf4e3hBvNwlBXGmPuxRdfbLVavb29GGMAePHFF9Pp9JYtW3Rdj8VikiTpup7L5UKhUCSyJLtzHHPy5EA0KsbjUiKh2LY7N6d9+9tDzaZDCEkk5PHxehCQREJRVcF1/VhMbrXw8HBi584UQi0AAMuyyB/js88+I48Dv/3tb13XXStp58+fv/fRVgbP83RdP3/+fMerrut6nrcmBT0Upqamzp0790evJ8aYZdlWqwUAMzf/DwG1b/uflMvlVCpF/4MQQggxDOO6LgAwDAMAhJByuZzNZgkhtVotk8lQabOzGs8zkYgkimwQkEuXSorCDw7GWJZhGISxPzHR0HUnFpNEkfP9NfYcQqHQuXPn1qT/Xb9+HWN8+PBhbeFmeeaj7m1vyGrEdV3aFKVSiT77CiaPWi3HdQOM/XRaIQQmJxsMgwSBzefDhJAggMnJequFUylF0xxR5LZsiZXLZhAEbQlcs9n87LPPZFkGgBs3bpw9e7avr++ll17yzPm6Ge3bDufOncMYu67L87yu6/v27RseHn7nnXcMw+jq6jJNk+O4iYmJbDYbj8cdx3nttdeoaMPAd/Ffo2G/997oYv5rtbBleZT/Vt/Qi6GqKn29Vg/f933fBwDfZ+anz/fu/MczMzOFQqFSqTQaDUEQTNM8duzY9u3bH1ayLPO/+tXFvXszv/vdxH347+LF+VhM4nlWlrnLl8uKwiGEBgYQUP0NDQ319fUBwL59+958880PPvgAFvHf/v37x8bGMpmM67rRaNT3/YmJiRMnTvi+b9s2ISQSiRw4cMCyLEEQFr8aD8t/hrEmrX0bpVLp0KFDd00Nrgx79uxxHGd6ejqS7Ef8TlGS6Ysbj8ej0Wi9Xuc4Lp1Or0DyMvnvmWe6dR3X67Ys87t2pSSJM00XoAUAMDIyMjU1tdiw3p//fN/HGK+HQd+w/EcIsSxrKf57XOjAf4txH/7jeb79IwAQQliWvdf6P17+Ww8EhEyW7S1ZGQAKhUIqleI4rm1yNE2LRCKWZWma1tXVhRDyff9et6ojZmc1hkHptMKyjO8Hly+XFYXfujUBAAyDmk2nUjFM02VZlEjIzaYjCCwVvKT+7sN/+/fv/+STT2zbVhRFluWJiYlXX321p+fuWb7Hy3/rgQ+v1j6a8N485El+/f33308kEolEQtM0RVEIIZQIm82m7/tdXV3NZtOyrDfffPPe5bl7MT+vl8sGw6B63Uql1FhMbDTsv//7cU1zTNPdujXR3R2u1+1YTJycbGiak0op6TSB5fh/9/Lf5OTk/v375+bmZFlOp9O9vb2JROJeCY+X/9YDbf/P98WjR48mk0lCiGVZLMtKkiTL8pUrVw4ePNhoNEKhEMuyLMsucwC8f3+2VDJ8P/B90tUVmpysq6qwbVuyVjMRQorCF4t6PC6Fw0I2G2o2bdN0b/9zk/+WgyeP/yoa5lkUU/kgCAghQRDouu66biaTWea4/CnmP9u2fd+XJKler8diMYTQ7OxsNBqNRCK+7zMMwzDMCtzBctkYG6tt356KRkWGQYQQQoBhkKY55fLD8J/j+j//pKrw8BencufOnZuenjYMo6+vzzCMtnv3QDzF/KeQ5u9+97vu7u7JyUnP83p6enzfF0VR07RYLFYul48cObICd3BurnXz5oJleabpYuw7jheJSILA2La3d2/mIfhP5NkXBrmQzDMM6u3tjcfjdJLTeBiOeor5z3HYkydPqqra29tr23Yul2MYxjRN3/dN0xwaGuo4IHggBgaihJDe3gjDMJpme16QSCgjI9Vdu9KlkrE2/Ld+2OS/h8KD/L8FR+BQNio4jhMEgW3b1K3xfd/zvPvMqbcxPl7nOCYUEmSZt23vxo2qovDd3WGeZ0WRNQw8N9fStNv8FwRPAP+5XnCjYO7tVYMg0DSN53lqkziOY1mW5/nluAr3YmysjhDE45Ik8YaBR0drqsoPDMQ8L5BlbmZGS6WU0dGFICBDQwnDwPPzejKp0JmlJfnvF59WFAH9y5fyZ86cwRhfu3btwIEDo6OjV65c2blz58svv7ycmn300VRfX7RSMVWVj0REXXc+/bQhimypZOzYkWJZZJqu7wcsyzwZ/Het9uEY5plACRofffRRNpstFAoY41wu12q1du/evX///hWILZd1w3AbDbtWs/buzcTjUqHQKpeN6ekmy6ItWxKNhn3tWmX79uTcXKtc1hFCZ88Wvv/9HNyH/767X1FEjmHQ8PCwIAiDg4PpdFrTtOHhYdM0l1OtwcF4OCwCwI4dRFX5ctlUFG7fPt40XYRAUYRbtxZyuXA2q/I8Uyg8Afz3ws4YR0o7usMYi6+88grGeN++fbQX2ra9zKmWe3HwYA5jX9McjmPSaXVioj483CVJ3LZtCVnmDQMnEsrOnalq1YzFJIaBwcH4gQNdtr0AHfWHMZ6eng4hAAzT0w36I8/zjUYDACzLQghNT08/VBVtG1gWHAecO/tEHAeSSQBwbdu2bQiH4dat1sqe/5FBEriTw90AIIriXaZyOYSypFiJkyQuErktkE6bAUAoJAAAgHqnCBEA6E6LSEScnl5Cf47j1Go1z/N83yeEhEIh07y95oQQIoQghDzPC4VCgiDQDSDL7JEdoWlaOBxGCGmatmIhjwZt/vM8D2PMcZxlWfPz8319fY7jVCqVcDgsy3IsFqNDJ9M0W62WZVn5fJ7OxWCMPc9LJBLUO2w2HdPEtu2nUorvB7OzmizzluUODcU9j3heMDenmabL82wkIpbL+nL5T5blcDhM9ccwTC6XMwwDISRJkuM4vu/Pzs6q6u33guf51ejv+vXr6XRmy5bBFUt4ZGjzX4wzf/azn/X09CiKwnHc9evXWZY1TdN1XVmWX3/99atXr966dUsQhGKxmM/nZ2dnq9VqNpv1fb9arb7xxhvU2IbDwi9/efnw4fxnn82kUgoh5Pjx/r/929FLl0oAkEzKsZjkOH44LIyMVGMxabn812g0Wq0WIQQA6CozISQIgvaCOwAYhhEEAcZ4ZYOuNvbv2y8r8mokPDK0+Q8g/JOf/ESSpIWFBVEUeZ53HCcSiRiGYdv26OhoLpfr6enxPE8QBNu24/G4ZVm+79ORfHtSlGHQn/7pLkniurpC0ajkun6jYb/00pBputRpHh+vqaoQi8nDw5LjeMviP0KIYRjkQVuhbdumH3RdX02jIAZRUYvXfjcgSqVSKlXYEoeZmRn6C8aY5/kgCBzHAQBq/3me53m+vWRPH61er7fl8DzflkBhWQAA7Vsat4ccUK9DPA4A4Lo2AHAc6HorHodGowQAhUKB5/kO+kMIJRIJhmE8z6NvEK0f1Wi7LwKALMuSJFmWRY3qytqlzX9rtd1hnVAul3t7ey3LotxPGQ4AyJ1lUc/zRFFkGEYURdd1V/laLwWqFEmSSqVSf3//Ev6DKNL9IwzDUKKGO4aUZVmMcbPZ9DzPdV1FUTDGsiyvuLpPEP9Fo9FUKhUEAc/zGOMgCBRFMU0TIcRx3NzcXCQSqdVqyWTScZz2oG9tgTE+ffr0iRMn6NfO+qvX67Ztu65LextCSFVV+urxPE8IoRNdgiDU63VCSNuWrgBPEP+VSiUAIIRQ/XEcR00R3X7gOI6maRzHUWu5TnQgiuLx48fbDNrJ//P0W9c/h0ceCuS7wiMu8aHgum6z2bz/PRalsvUHXYWFjvrbs2dPyfwHxLr3Xlo/kABy4Rc3MgXyPJ/NZgGAOkscx7UHKdQtpttiQ6EQwzCWZYmiuB4U2OY/QRCgo/4G+rb/s56/pDt0HyU4jtvI+gMAun0kGo3SoYAgCLqutwcsCKHJyUlVVTHGkiQpirIe+sMYnz179vnnn6dfl4r/Y1bp1T2VKBQKQRDQ0SYhRFXVxRMXdEql1WpRy+Z53nrUQZKk48ePt1/0RxHb/hQAIZgsfm4Go4+7Il9Ba+qDg3+2qb9lQRDEI0cOLejXH3dF7oCAoqZyudym/pYFhNCr3/rndOPd467LbSCEgiDY1N9DgA75Ng5s297Q471NPBCb+nuy0cF+tvTmH07/GtC6DH+XAiFwaO/L+a6+R1noU4AO+jtz/v+p3VfsVtpzPZZ349mv5jbbK4JrWIPAJwSAYdCHZ/7nm9/7dxs5BdoGRKf1PwgIgNUSXYw4wY9nYex6s1m3GguOIDL9W6O9W9Yy3c6F09PNuv2NV7YHBPu+v7YZB556LNFYBEKhiGNbiEMA5sy4USvb1Uqrb0tszZOz7DmYtwzcTii0iYdCZ/0JEtNqfgEC4QQWQD75aj7wQWu4seQKt8jdB7LCy8rai/2aoJP9xFGv8K0o/WKBc2etXwZwVr5N6cHwW4V1lP6UooP+IuHYc0eP/uF6UxGYZ4bCc3NzruuePXt27969s7OzmUyGhk4pimLb9s6dO++V4DjepUslzwskiZMkvlIxolFperq5b1+m1XIYBpVKRi4XmpxsLiyYgsA++2x3saj3dG8s7/iJQGf/z3X982P1C+P1ICA3b9787LPPHMcpl8t0U+gXX3xRqVRGRkauXr3a8e+iyE1MNOJx+cMPp5pNW5Y5Qkg+H/r887nTp2dt21dVfny80d8fFUV29+50uWxs7IWjDYyl4o803badNYsGuguzs00aFkrhun6x2NrI8UcbE5ZlLfnaC4yNgvXaDdDdHVns53Ec09UVWqeynm4s6WxNX/0vhhM98Py/mJycdF3XNM1wODw1NaWqajqd9n1/YWEhFou5rmsYxjPPPHPv0vn58wXPI5mMghCq161SyZAkTlH4dFrxfWKabqNhLyxY8bgkSRwhsLCw8Mknn6RSqaGhodU/2KPfP/BYsKT+GC4PXgwArl27lkgkbt261d/fT9csrl69qmlaKpUyDGNmZiYIgsOHD9+rvy1b4r/5zbhp4mbTGRiIEUIQgiAgV69WNM155pm8piFdd2IxkeMY3w+azWahUMhms46zBqnvJUn6OmwhQCMjI5Ik0fxZFKdPnz569GizVhSksKzcz6zRFCIrixX2/aBUMvL5MAB4XlCtmteufX7ixInN+Zfl437rR5KssMwD1iq7u7tXpjwAYFmGKg82+W8VuP2yu67r+36hUCiVSmNjY0ePHm3z3+9///vBwcFms0kIkSQpFAp1d3efPXvWdd2BgQEaV12tVru7uwkh8/Pzp06dojIflv82sQLc1t/777/f29tL0yLS/J9t/uN5/syZM8lkstVq2ba9b98+qiqM8fnz5z3P6+vrKxQKjUbjrtQwD8t/j+X5n3hQ/29xzgn6ubFQMI0W/WVmZoZGdBJCGo3GyMjIYu9tZfA8f25Oo5/Xw//7OsCyrCUHC5KsIHTbqC3OTReNRqPR6Orfm3v579q11Uv92uHB/t+9/JfP5z/44IMdO3boui7LsqZpQ0ND9yp1k/8eAZYcfzJcHthuuMN/lUplYmLiiy++aDQaNJD6448/LhQK9MeOcRtbtsSnphqTk40vv5y/Ezh/m/8+/3xOljmGQbruEEI2/Mb5jYsl+19u6/f7RBkAnn/++UqlQlN9MgzTbDZv3rz54osv0tDh++T6j8flH/1oT/vrgQNdi68GAUkk5Bde6AMAzws0zfnyyzV4nq8bOuhP1/UzZ86QOxaNdp277jlz5gydwLz30kNhdNGG9GKxuBpRX090jn+PRqMsy9J4e1W9nS4jCAKaoRxjrGlaJpMRBMEwDJZlq9WVn4k0MjKSyWTi8fgGj3/fmOhMO57nsSzLMAzHcTQEnuM4mrSGxuICAI049X1/lTvG6FB4NRK+zlgyfnpxyoSOKJfLVHl0UnvFNaB5Mjc738rQ2X62k0kQQjryHwB4ntfueWvSgTZ74QrQOX9IV1cXtZ+0h9FQRBq6KIoiPYUMAARBiMVimqY5jrPiFAZt/tvcubsCdLaflmUlk0nbthmGoekyaOgN5UXqyNNgKnQHK67BJv+tBp31p+v6XbHbgiDQsODFYBhG0zQ6Ul1xDTb5bzXooL+A0S9Ovi2Ij/QQTEIAW92PssSnAx30d+rEK/AH1zAfkOtkbUEA7T/8/MY8OXUjo4P+eF789jd/9OirsokVYHPa+MnGpv6ebGzq78nGpv6ebGzq78nGpv6ebGzq78nGpv6ebGzq78nGpv6ebHSYPxubvPbRF39F8y8hBGue2YMAJOUDr37rz9dW7GPB//q//8nyp+nyF8M+ugVMAsD66e9+81910N/41OX+nWx9rsfFmBNx91arXDBkhQ/H/ii/QOATXcORuNio2bGEtJxS61VTbzmZXHj82nnb/ieStKx/bWTYzM1IKIdNWVFVITIVTfxRIhTfJwtlM5NTAWD5rfSAEi23Mq9H47KhF8fHJpbc/xmJxB3bBtYAsH7//rQoCY4VaA0rk1cXymY0LqhhPtut7jmU/tV/HenuDxm6a5t+OMopivwnr3dOY+b7wY3LpXxvFNBTsuCHAERREphoKBK1yZRj+f/tLy/xPJPKhByMOZYbvVbZfTBrtoKWZv3kX+9bvTHjePbKhcLxl7YyDPi+31l/CKBSnfVcV5C8JMCzJ3o4jm3UXBcHLIuy+ejcdGPLjhQvgGngZ4/3zk1r23ZHitPWjn2JYOml3FQ2dPylrSz3VJGuaTYt3TLtRiRNWI45/tIACcBzgZAg0y31DsYlmWNZ5Lo+gjWwrxzHfOOVHZLMGboDHfnPNr35iWYQNIAF24XRqwgAXBdEGUQZAEAOoXg6Ccht1km5YMfT7NbdUUBk656QHziAYPTqAwKg52fXIEJ6I2BmQuseIMCCicEqIlQEQQIAoIHbpmHHUgjABwBeglvXF9aw6IWK0bMXOIRQsVgslUozMzOzs7OO47Ak/sap/9ysjhDCxdJ3pxLAGNO9ML7vt5dbMfbpOdOCwAKAYWBCQBS59qmouo5t24tERNcNCCGX5fNr+CSPEacO/5vdOwcalZup/CGG/aoztFvp/vC8ACHk+7fbzbI81/UliaNf4U67xWKSaboMg0IhAWOfEEAIyuVis9nkenp6+vr63n333bGxsdHRUcMw0um0JEkz87/VcbKrd8/HH3+8sLCQzWanpqa6urpKpVIymaxWq4Ig/OAHP6DFtFrG3/3d+OBgfH6+RYOJnnmm+5e/vLp7d9q2PUJAUXiMfctyVVXgeRZj/NZbb0UikePHj69DqwIA0J1X6yQcAEZHRwFg165djl4sjv/vZNd+zTCnp6dbrRY9SAchNDw8fP9T4C3Le//9m319sfn5lqoKGPsnTvT/+tfX+vpimmbLMq8oPM+zZ87MJ5OKILADA7HLl8uyzCGE+vsFAODolsAf/vCHALB7926M8ezsLAAgrlfiUgDQ29ubz+er1WpPT09PT082m221Wul0enHIUDqt5nLhVEoBgExGqdWsWs06dqzXMFxVFeJxaXKyYVnu0FACY79Ws3ie/853vpPP5wcGBtavidcV/f39AFAsFuNde2ofcmo4FkCL5/lQKJRIJOLxOMdx6XT6/kJkmctmQ+1203VcKLSOHestFvWurnAmo0xONlotZ3i4q9m0DcNlWSaXC0kSZ5ouAAYAZFnWXeN4mn+CBAGsbmPgYvg+YVnU/nz69KcHDx5UFGVNhD9GXLhw4dChQ+2TLdccd7Vb+zMATE9PVyqVJf2HeulCQPhUfthxnAcmUjEMLAis4/j0yN1SyQCAUIhX1dscUK0amoazWdW2vadvt6fhBGGZAQDDMGiU3VeXDIMGAJmmSY9GWvxH2/YQQq57u91qNcu2vXBYDIe/ardWC8fjkmm6GPvxuMyyyHF8WV76/DGKhbk/6DiZyg//5je/icVirVaLHvfT399/4MCBu242Tfe990bv4r9f/OLyXfx369YC5b+1aLSNggvj2oe3nNcPqhLR33333VwuJ0lSO1aLZVnP8xqNhmVZvb29juO0Wq3XXnuNnn9LCLz33sgD+W96uqkovKY527Yx4+O1Ws0yDPcb30jAffTX5r+hoaHr1693d3c7jjMwMJDL5e69+WH572naJpgKscSqx0Mx8OTBwcF0Oh0Khebn50VRpEGvFy9eHBwc1DQtFot5nre4AZfJf7t2pSsVM58Pu64PAIcP5+fmNMpsHfjv008/PXjwICEBQrc7u+/7DMOshgvvsuNnz5557rnnngL+O3369PDwMIH7eeY0ymBl8u/iPEKAEEIncWZnZzVN69D/DMP48ssvgyCg4++OO+cBgOd5juMcx6En5S6nNjTUgWGYsbGx5557bmWPtKFw/fp1hNDtoxQ5rt1oi0EPnaX+zOqz6pE7RwCUy+WBgYHO9jORSIiiGAQBTbVLDzcHAEmSXNd1XbdSqaRSKY7jSqVSIpEol8vLKbtUKl28ePHUqVNPTagRwzC5XI6GsoZCIdM0qaFyXZceZ1gsFmmIVjqdtiyr0Wis0is1TfPSpUtHjhyhbbhk/BFVHg0eo4FkhBB6+COddqHR1YIgLP+gu2w2e+zYsacsQx0NpUMI6bpu2zY9y9jzPMdxOI5r65KG+Kx+7M1x3ODg4P3Ov0UI2bZ9/3g+lmXbAbqO4yw/boGmiXlq4hw8z3ug7TEMAyFE866sie8Uj8cxxrTbdNBfKBQ6cuTw1PR4b6ZbCIXm5uZ4nq/Vavl83jRNlmV5nhdFcWpqKpvNsix7r1uzGI7jA4Aoso7jieLt4lYTb7ahwDAMHYVhjOlx6x2tEc/z9BI9I3c1Jbb5j/aBzqYMY/zFF5+rg3u7Dh2kiaTHx8efffbZ0dFRy7J6enrS6fSlS5dOnjw5MjLyxhtvLP7vjRvVGzeqqZSiaQ4hJBqV5uf1ICCO433vezui0Sd+zXYxGIahhxq37STLsjStA/UCCSHFYjGVSjmOEwSBLMv0EPIVY1n8hxDwAu/bNgDs3bs3mUzOz8/run7q1CnXdS3LUhTl5ZdfVhTlyJEjd/03FBL27s1wHFOpGBj727eneJ5hGCYU4qtVy/OC+w62nzzYtk0PL2ZZFmMcjUbpV9M0fd+nfjodK7Qj0VeDB/Of7/u2jU+88G0AqNfrNDNLJpPJZDIdJd6VqUJVQVURAIlGqXvnbN+uLrruAIBhGKt8jA2C2blJ/PEKA/9Xg4VapdVq9vf3d9CfaZq3bt1CCPm+77quKIodE1LThQue5zHGyzxY1PM8+uLMzMw88OYnAumBRiw/+1gMijPtxxOvd7af4XCY5iygzikdnhBC6ODFdV3qx9DD0DVN43l+OV1qcnLSMMzh4f1r/CiPD//0B/9hcnL6sezleX57LBqJddZfs9mkc9YMw1C1ybLsui7GmLoy1BEURZFqd5nJQ9KpdG+v9NQ47wAgy+quXbseV+m2bXfQn+val6+Mr+siT6WyrPmaTTwQHfSX702V/b9RI+s1S0IC8MXo09QLHyNQo9G4d3m2UJhrNNYt/wSCbDaTiCc3VbhKOI7z/wGioaYOp0QAAAACSURBVDmEmKp3OQAAAABJRU5ErkJggg==',NULL,'2014-11-14 14:19:51','2');
/*!40000 ALTER TABLE `vs_database_diagrams` ENABLE KEYS */;
UNLOCK TABLES;

--
-- Final view structure for view `BTC_USD`
--

/*!50001 DROP TABLE IF EXISTS `BTC_USD`*/;
/*!50001 DROP VIEW IF EXISTS `BTC_USD`*/;
/*!50001 SET @saved_cs_client          = @@character_set_client */;
/*!50001 SET @saved_cs_results         = @@character_set_results */;
/*!50001 SET @saved_col_connection     = @@collation_connection */;
/*!50001 SET character_set_client      = utf8 */;
/*!50001 SET character_set_results     = utf8 */;
/*!50001 SET collation_connection      = utf8_general_ci */;
/*!50001 CREATE ALGORITHM=UNDEFINED */
/*!50013 DEFINER=`root`@`localhost` SQL SECURITY DEFINER */
/*!50001 VIEW `BTC_USD` AS select `api`.`exchange` AS `exchange`,`api`.`type_type` AS `type_type`,`api`.`address` AS `address`,`api`.`type_market` AS `type_market` from `api` where ((`api`.`type_type` = 'ORDERBOOK') and (`api`.`type_market` = 'BTC_USD')) */;
/*!50001 SET character_set_client      = @saved_cs_client */;
/*!50001 SET character_set_results     = @saved_cs_results */;
/*!50001 SET collation_connection      = @saved_col_connection */;
/*!40103 SET TIME_ZONE=@OLD_TIME_ZONE */;

/*!40101 SET SQL_MODE=@OLD_SQL_MODE */;
/*!40014 SET FOREIGN_KEY_CHECKS=@OLD_FOREIGN_KEY_CHECKS */;
/*!40014 SET UNIQUE_CHECKS=@OLD_UNIQUE_CHECKS */;
/*!40101 SET CHARACTER_SET_CLIENT=@OLD_CHARACTER_SET_CLIENT */;
/*!40101 SET CHARACTER_SET_RESULTS=@OLD_CHARACTER_SET_RESULTS */;
/*!40101 SET COLLATION_CONNECTION=@OLD_COLLATION_CONNECTION */;
/*!40111 SET SQL_NOTES=@OLD_SQL_NOTES */;

-- Dump completed on 2014-12-31 17:22:54
